Episode,FPR_Classical,FNR_Classical,FPR_Hybrid,FNR_Hybrid
1,0.5180722891566265,0.5042735042735043,0.4897959183673469,0.5392156862745098
2,0.5,0.543859649122807,0.5208333333333334,0.4519230769230769
3,0.42391304347826086,0.4537037037037037,0.4731182795698925,0.5514018691588785
4,0.5113636363636364,0.5089285714285714,0.4470588235294118,0.41739130434782606
5,0.5094339622641509,0.48936170212765956,0.524390243902439,0.5677966101694916
6,0.6326530612244898,0.39215686274509803,0.5666666666666667,0.5454545454545454
7,0.53,0.47,0.44680851063829785,0.5188679245283019
8,0.4777777777777778,0.32727272727272727,0.4782608695652174,0.5
9,0.6145833333333334,0.3557692307692308,0.5294117647058824,0.47959183673469385
10,0.5543478260869565,0.4444444444444444,0.5,0.4056603773584906
11,0.6018518518518519,0.34782608695652173,0.5204081632653061,0.4803921568627451
12,0.5274725274725275,0.28440366972477066,0.5333333333333333,0.42105263157894735
13,0.5227272727272727,0.375,0.40860215053763443,0.514018691588785
14,0.5353535353535354,0.40594059405940597,0.6105263157894737,0.42857142857142855
15,0.5638297872340425,0.33962264150943394,0.5894736842105263,0.5238095238095238
16,0.504950495049505,0.40404040404040403,0.45918367346938777,0.5784313725490197
17,0.5138888888888888,0.265625,0.5053763440860215,0.37383177570093457
18,0.5274725274725275,0.3211009174311927,0.5581395348837209,0.4649122807017544
19,0.5263157894736842,0.26666666666666666,0.43820224719101125,0.42342342342342343
20,0.5157894736842106,0.3142857142857143,0.5824175824175825,0.4036697247706422
21,0.5,0.25471698113207547,0.5204081632653061,0.5
22,0.5494505494505495,0.3302752293577982,0.4673913043478261,0.42592592592592593
23,0.5,0.26851851851851855,0.5050505050505051,0.504950495049505
24,0.46875,0.22115384615384615,0.5777777777777777,0.4909090909090909
25,0.4666666666666667,0.33636363636363636,0.5327102803738317,0.45161290322580644
26,0.4888888888888889,0.3181818181818182,0.5473684210526316,0.4
27,0.4838709677419355,0.2616822429906542,0.5176470588235295,0.41739130434782606
28,0.5529411764705883,0.26956521739130435,0.5625,0.5288461538461539
29,0.5425531914893617,0.19811320754716982,0.5252525252525253,0.42574257425742573
30,0.5280898876404494,0.21621621621621623,0.5876288659793815,0.4174757281553398
31,0.3763440860215054,0.17757009345794392,0.5526315789473685,0.3790322580645161
32,0.40816326530612246,0.17647058823529413,0.5979381443298969,0.3786407766990291
33,0.4583333333333333,0.23076923076923078,0.5842696629213483,0.45045045045045046
34,0.3918918918918919,0.21428571428571427,0.5887850467289719,0.45161290322580644
35,0.42857142857142855,0.21568627450980393,0.6585365853658537,0.3559322033898305
36,0.34065934065934067,0.26605504587155965,0.62,0.38
37,0.35365853658536583,0.2033898305084746,0.5531914893617021,0.4056603773584906
38,0.358695652173913,0.17592592592592593,0.46153846153846156,0.46788990825688076
39,0.4019607843137255,0.22448979591836735,0.625,0.36607142857142855
40,0.3548387096774194,0.21495327102803738,0.6,0.425
41,0.37209302325581395,0.21052631578947367,0.5252525252525253,0.33663366336633666
42,0.3473684210526316,0.12380952380952381,0.6458333333333334,0.4423076923076923
43,0.5679012345679012,0.21008403361344538,0.5252525252525253,0.3564356435643564
44,0.32978723404255317,0.20754716981132076,0.6021505376344086,0.4205607476635514
45,0.5,0.28846153846153844,0.5888888888888889,0.3181818181818182
46,0.3645833333333333,0.1346153846153846,0.5979381443298969,0.3300970873786408
47,0.42168674698795183,0.19658119658119658,0.625,0.3076923076923077
48,0.3854166666666667,0.19230769230769232,0.6261682242990654,0.40860215053763443
49,0.36363636363636365,0.2376237623762376,0.6413043478260869,0.48148148148148145
50,0.3448275862068966,0.23008849557522124,0.59375,0.3557692307692308
51,0.391304347826087,0.18518518518518517,0.6831683168316832,0.40404040404040403
52,0.28865979381443296,0.24271844660194175,0.625,0.36607142857142855
53,0.42424242424242425,0.21782178217821782,0.6494845360824743,0.3883495145631068
54,0.3185840707964602,0.22988505747126436,0.5977011494252874,0.3805309734513274
55,0.38,0.24,0.6344086021505376,0.4766355140186916
56,0.40384615384615385,0.21875,0.6138613861386139,0.3838383838383838
57,0.3488372093023256,0.19298245614035087,0.5903614457831325,0.37606837606837606
58,0.36,0.25,0.5869565217391305,0.39814814814814814
59,0.3870967741935484,0.2336448598130841,0.6210526315789474,0.3523809523809524
60,0.32989690721649484,0.23300970873786409,0.5978260869565217,0.37037037037037035
61,0.34782608695652173,0.1574074074074074,0.5625,0.375
62,0.28865979381443296,0.27184466019417475,0.6979166666666666,0.40384615384615385
63,0.24444444444444444,0.17272727272727273,0.6777777777777778,0.33636363636363636
64,0.3225806451612903,0.22429906542056074,0.5353535353535354,0.3465346534653465
65,0.3125,0.21153846153846154,0.5652173913043478,0.42592592592592593
66,0.29545454545454547,0.26785714285714285,0.6785714285714286,0.3275862068965517
67,0.2916666666666667,0.19230769230769232,0.6162790697674418,0.42105263157894735
68,0.2553191489361702,0.2358490566037736,0.6136363636363636,0.3482142857142857
69,0.3333333333333333,0.22727272727272727,0.6601941747572816,0.38144329896907214
70,0.3431372549019608,0.20408163265306123,0.5666666666666667,0.33636363636363636
71,0.20833333333333334,0.23076923076923078,0.6593406593406593,0.29357798165137616
72,0.35294117647058826,0.19130434782608696,0.5794392523364486,0.34408602150537637
73,0.27450980392156865,0.25510204081632654,0.5652173913043478,0.39814814814814814
74,0.3076923076923077,0.25688073394495414,0.660377358490566,0.425531914893617
75,0.3655913978494624,0.205607476635514,0.6288659793814433,0.4174757281553398
76,0.2823529411764706,0.19130434782608696,0.5729166666666666,0.3173076923076923
77,0.3069306930693069,0.1717171717171717,0.6310679611650486,0.38144329896907214
78,0.313953488372093,0.16666666666666666,0.6263736263736264,0.3577981651376147
79,0.3684210526315789,0.20952380952380953,0.5876288659793815,0.3300970873786408
80,0.29473684210526313,0.19047619047619047,0.6634615384615384,0.40625
81,0.2653061224489796,0.20588235294117646,0.6129032258064516,0.29906542056074764
82,0.28888888888888886,0.11818181818181818,0.5346534653465347,0.3939393939393939
83,0.2815533980582524,0.14432989690721648,0.6506024096385542,0.3247863247863248
84,0.24691358024691357,0.18487394957983194,0.6224489795918368,0.39215686274509803
85,0.24444444444444444,0.14545454545454545,0.6585365853658537,0.3983050847457627
86,0.31521739130434784,0.21296296296296297,0.6185567010309279,0.32038834951456313
87,0.2441860465116279,0.17543859649122806,0.6407766990291263,0.422680412371134
88,0.313953488372093,0.16666666666666666,0.59375,0.375
89,0.32926829268292684,0.15254237288135594,0.6796116504854369,0.3711340206185567
90,0.2403846153846154,0.125,0.5555555555555556,0.31521739130434784
91,0.29213483146067415,0.09009009009009009,0.5979381443298969,0.4174757281553398
92,0.2826086956521739,0.2222222222222222,0.5888888888888889,0.39090909090909093
93,0.29,0.12,0.6435643564356436,0.32323232323232326
94,0.28431372549019607,0.11224489795918367,0.5975609756097561,0.4830508474576271
95,0.2978723404255319,0.16037735849056603,0.5684210526315789,0.3619047619047619
96,0.3211009174311927,0.16483516483516483,0.6382978723404256,0.41509433962264153
97,0.3333333333333333,0.168141592920354,0.5638297872340425,0.33962264150943394
98,0.2708333333333333,0.16346153846153846,0.6947368421052632,0.3142857142857143
99,0.30666666666666664,0.16,0.6770833333333334,0.3942307692307692
100,0.2391304347826087,0.12037037037037036,0.6170212765957447,0.32075471698113206
101,0.26373626373626374,0.1926605504587156,0.5591397849462365,0.308411214953271
102,0.24719101123595505,0.1891891891891892,0.6538461538461539,0.3333333333333333
103,0.21348314606741572,0.17117117117117117,0.5729166666666666,0.40384615384615385
104,0.27184466019417475,0.24742268041237114,0.7282608695652174,0.37037037037037035
105,0.2391304347826087,0.12962962962962962,0.632183908045977,0.3274336283185841
106,0.27956989247311825,0.14018691588785046,0.5698924731182796,0.29906542056074764
107,0.18888888888888888,0.24545454545454545,0.574468085106383,0.25471698113207547
108,0.17105263157894737,0.22580645161290322,0.6938775510204082,0.3333333333333333
109,0.22826086956521738,0.26851851851851855,0.6,0.26
110,0.22826086956521738,0.2037037037037037,0.6078431372549019,0.3469387755102041
111,0.1595744680851064,0.22641509433962265,0.7029702970297029,0.30303030303030304
112,0.20454545454545456,0.125,0.5959595959595959,0.297029702970297
113,0.15730337078651685,0.22522522522522523,0.6086956521739131,0.26851851851851855
114,0.16091954022988506,0.168141592920354,0.79,0.27
115,0.28,0.14,0.7373737373737373,0.2871287128712871
116,0.11578947368421053,0.2,0.5903614457831325,0.26495726495726496
117,0.1590909090909091,0.19642857142857142,0.6829268292682927,0.288135593220339
118,0.23469387755102042,0.16666666666666666,0.6530612244897959,0.3137254901960784
119,0.3023255813953488,0.22807017543859648,0.7373737373737373,0.2871287128712871
120,0.19767441860465115,0.21052631578947367,0.7204301075268817,0.2523364485981308
121,0.19607843137254902,0.21428571428571427,0.7551020408163265,0.35294117647058826
122,0.28888888888888886,0.22727272727272727,0.6914893617021277,0.2358490566037736
123,0.16494845360824742,0.14563106796116504,0.7283950617283951,0.226890756302521
124,0.1686746987951807,0.23076923076923078,0.6813186813186813,0.27522935779816515
125,0.17045454545454544,0.15178571428571427,0.6595744680851063,0.20754716981132076
126,0.2247191011235955,0.2072072072072072,0.6597938144329897,0.32038834951456313
127,0.24742268041237114,0.1941747572815534,0.5918367346938775,0.2549019607843137
128,0.14563106796116504,0.18556701030927836,0.7631578947368421,0.22580645161290322
129,0.18,0.17,0.7222222222222222,0.22727272727272727
130,0.18181818181818182,0.20535714285714285,0.7087378640776699,0.20618556701030927
131,0.22105263157894736,0.23809523809523808,0.7333333333333333,0.3090909090909091
132,0.2125,0.25,0.7375,0.25833333333333336
133,0.24210526315789474,0.2761904761904762,0.6444444444444445,0.22727272727272727
134,0.2391304347826087,0.1574074074074074,0.7156862745098039,0.1836734693877551
135,0.28888888888888886,0.14545454545454545,0.7128712871287128,0.1919191919191919
136,0.18947368421052632,0.1523809523809524,0.7368421052631579,0.23387096774193547
137,0.2079207920792079,0.1414141414141414,0.6739130434782609,0.18518518518518517
138,0.19480519480519481,0.15447154471544716,0.7012987012987013,0.2926829268292683
139,0.1935483870967742,0.18691588785046728,0.7252747252747253,0.25688073394495414
140,0.2826086956521739,0.12962962962962962,0.6494845360824743,0.17475728155339806
141,0.24271844660194175,0.18556701030927836,0.6601941747572816,0.15463917525773196
142,0.15789473684210525,0.1523809523809524,0.7362637362637363,0.1834862385321101
143,0.2087912087912088,0.22935779816513763,0.7162162162162162,0.2222222222222222
144,0.23333333333333334,0.2,0.6666666666666666,0.23469387755102042
145,0.28735632183908044,0.23008849557522124,0.8,0.19047619047619047
146,0.24489795918367346,0.20588235294117646,0.6559139784946236,0.21495327102803738
147,0.1919191919191919,0.16831683168316833,0.7252747252747253,0.27522935779816515
148,0.22580645161290322,0.1588785046728972,0.7872340425531915,0.19811320754716982
149,0.24742268041237114,0.20388349514563106,0.8152173913043478,0.2222222222222222
150,0.29069767441860467,0.17543859649122806,0.6896551724137931,0.19469026548672566
151,0.2111111111111111,0.21818181818181817,0.6588235294117647,0.22608695652173913
152,0.2716049382716049,0.226890756302521,0.71875,0.25961538461538464
153,0.3173076923076923,0.16666666666666666,0.6385542168674698,0.21367521367521367
154,0.24444444444444444,0.11818181818181818,0.8024691358024691,0.13445378151260504
155,0.20833333333333334,0.16346153846153846,0.6701030927835051,0.17475728155339806
156,0.2828282828282828,0.19801980198019803,0.73,0.19
157,0.29347826086956524,0.12962962962962962,0.7446808510638298,0.2358490566037736
158,0.20652173913043478,0.12962962962962962,0.7640449438202247,0.26126126126126126
159,0.23076923076923078,0.1875,0.7157894736842105,0.24761904761904763
160,0.28431372549019607,0.16326530612244897,0.7634408602150538,0.16822429906542055
161,0.2558139534883721,0.16666666666666666,0.7676767676767676,0.15841584158415842
162,0.2972972972972973,0.16853932584269662,0.6597938144329897,0.14563106796116504
163,0.26373626373626374,0.11926605504587157,0.7738095238095238,0.20689655172413793
164,0.19801980198019803,0.15151515151515152,0.6701030927835051,0.20388349514563106
165,0.2247191011235955,0.16216216216216217,0.75,0.2037037037037037
166,0.21839080459770116,0.23893805309734514,0.7529411764705882,0.2
167,0.21,0.18,0.6804123711340206,0.21359223300970873
168,0.17333333333333334,0.208,0.7475728155339806,0.25773195876288657
169,0.26582278481012656,0.14049586776859505,0.6274509803921569,0.1836734693877551
170,0.3411764705882353,0.1391304347826087,0.782608695652174,0.21296296296296297
171,0.22988505747126436,0.17699115044247787,0.5930232558139535,0.18421052631578946
172,0.24761904761904763,0.24210526315789474,0.7524752475247525,0.13131313131313133
173,0.2247191011235955,0.07207207207207207,0.7526881720430108,0.22429906542056074
174,0.3157894736842105,0.17142857142857143,0.6707317073170732,0.13559322033898305
175,0.18478260869565216,0.18518518518518517,0.7047619047619048,0.17894736842105263
176,0.2736842105263158,0.2,0.7471264367816092,0.19469026548672566
177,0.24271844660194175,0.15463917525773196,0.7209302325581395,0.21929824561403508
178,0.21505376344086022,0.16822429906542055,0.8118811881188119,0.16161616161616163
179,0.21428571428571427,0.18627450980392157,0.6559139784946236,0.1588785046728972
180,0.2777777777777778,0.18181818181818182,0.6875,0.20192307692307693
181,0.22772277227722773,0.16161616161616163,0.7961165048543689,0.21649484536082475
182,0.1827956989247312,0.17757009345794392,0.7096774193548387,0.1588785046728972
183,0.22077922077922077,0.13821138211382114,0.7096774193548387,0.18691588785046728
184,0.18181818181818182,0.16071428571428573,0.6886792452830188,0.2553191489361702
185,0.16216216216216217,0.12698412698412698,0.7653061224489796,0.20588235294117646
186,0.20689655172413793,0.1592920353982301,0.7176470588235294,0.13043478260869565
187,0.2716049382716049,0.1092436974789916,0.7526881720430108,0.12149532710280374
188,0.22988505747126436,0.21238938053097345,0.7604166666666666,0.18269230769230768
189,0.27956989247311825,0.09345794392523364,0.7047619047619048,0.17894736842105263
190,0.3076923076923077,0.1559633027522936,0.7373737373737373,0.10891089108910891
191,0.2815533980582524,0.15463917525773196,0.7228915662650602,0.1623931623931624
192,0.3645833333333333,0.10576923076923077,0.7590361445783133,0.15384615384615385
193,0.2604166666666667,0.14423076923076922,0.7289719626168224,0.16129032258064516
194,0.29,0.19,0.7948717948717948,0.14754098360655737
195,0.2903225806451613,0.06542056074766354,0.7674418604651163,0.17543859649122806
196,0.29213483146067415,0.07207207207207207,0.6666666666666666,0.16379310344827586
197,0.25263157894736843,0.11428571428571428,0.72,0.16
198,0.32558139534883723,0.12280701754385964,0.6923076923076923,0.1559633027522936
199,0.3684210526315789,0.13333333333333333,0.6941176470588235,0.19130434782608696
200,0.3163265306122449,0.06862745098039216,0.6629213483146067,0.16216216216216217
201,0.26595744680851063,0.09433962264150944,0.6847826086956522,0.1388888888888889
202,0.32967032967032966,0.07339449541284404,0.7570093457943925,0.12903225806451613
203,0.30526315789473685,0.09523809523809523,0.6931818181818182,0.20535714285714285
204,0.2967032967032967,0.09174311926605505,0.75,0.14655172413793102
205,0.28865979381443296,0.11650485436893204,0.8020833333333334,0.20192307692307693
206,0.2926829268292683,0.06779661016949153,0.7764705882352941,0.1565217391304348
207,0.26595744680851063,0.11320754716981132,0.7472527472527473,0.11926605504587157
208,0.29,0.11,0.8118811881188119,0.15151515151515152
209,0.3595505617977528,0.08108108108108109,0.7582417582417582,0.11926605504587157
210,0.3176470588235294,0.12173913043478261,0.7263157894736842,0.12380952380952381
211,0.3838383838383838,0.04950495049504951,0.7176470588235294,0.17391304347826086
212,0.21348314606741572,0.06306306306306306,0.6923076923076923,0.1721311475409836
213,0.3333333333333333,0.14018691588785046,0.7040816326530612,0.16666666666666666
214,0.2976190476190476,0.09482758620689655,0.7191011235955056,0.16216216216216217
215,0.37362637362637363,0.10091743119266056,0.7362637362637363,0.1926605504587156
216,0.26744186046511625,0.14912280701754385,0.6262626262626263,0.15841584158415842
217,0.24705882352941178,0.12173913043478261,0.7553191489361702,0.14150943396226415
218,0.35051546391752575,0.10679611650485436,0.6632653061224489,0.16666666666666666
219,0.30526315789473685,0.10476190476190476,0.7216494845360825,0.14563106796116504
220,0.358695652173913,0.08333333333333333,0.6597938144329897,0.1553398058252427
221,0.20454545454545456,0.11607142857142858,0.6179775280898876,0.3063063063063063
222,0.29347826086956524,0.1388888888888889,0.7380952380952381,0.1810344827586207
223,0.26666666666666666,0.10526315789473684,0.7446808510638298,0.24528301886792453
224,0.26136363636363635,0.07142857142857142,0.7052631578947368,0.18095238095238095
225,0.2608695652173913,0.1574074074074074,0.7625,0.15833333333333333
226,0.29213483146067415,0.11711711711711711,0.7191011235955056,0.18018018018018017
227,0.2872340425531915,0.14150943396226415,0.75,0.16346153846153846
228,0.23157894736842105,0.10476190476190476,0.7558139534883721,0.18421052631578946
229,0.28421052631578947,0.1619047619047619,0.7586206896551724,0.18584070796460178
230,0.2647058823529412,0.17346938775510204,0.7906976744186046,0.17543859649122806
231,0.24719101123595505,0.12612612612612611,0.6276595744680851,0.16981132075471697
232,0.22093023255813954,0.14912280701754385,0.7528089887640449,0.11711711711711711
233,0.2345679012345679,0.09243697478991597,0.7659574468085106,0.12264150943396226
234,0.3157894736842105,0.09523809523809523,0.6804123711340206,0.1650485436893204
235,0.26373626373626374,0.08256880733944955,0.6404494382022472,0.1981981981981982
236,0.2978723404255319,0.0660377358490566,0.7395833333333334,0.18269230769230768
237,0.3870967741935484,0.1308411214953271,0.6534653465346535,0.1919191919191919
238,0.26785714285714285,0.11363636363636363,0.7738095238095238,0.11206896551724138
239,0.2962962962962963,0.14285714285714285,0.6966292134831461,0.17117117117117117
240,0.16161616161616163,0.06930693069306931,0.7096774193548387,0.12149532710280374
241,0.22105263157894736,0.1523809523809524,0.6842105263157895,0.2
242,0.24489795918367346,0.10784313725490197,0.7532467532467533,0.22764227642276422
243,0.22093023255813954,0.14035087719298245,0.7448979591836735,0.17647058823529413
244,0.23076923076923078,0.09174311926605505,0.6818181818181818,0.125
245,0.27472527472527475,0.12844036697247707,0.7282608695652174,0.1574074074074074
246,0.32222222222222224,0.16363636363636364,0.7283950617283951,0.08403361344537816
247,0.2125,0.13333333333333333,0.6593406593406593,0.12844036697247707
248,0.2608695652173913,0.09259259259259259,0.7037037037037037,0.1092436974789916
249,0.2828282828282828,0.06930693069306931,0.7816091954022989,0.13274336283185842
250,0.2696629213483146,0.16216216216216217,0.7727272727272727,0.16964285714285715
251,0.30612244897959184,0.14705882352941177,0.735632183908046,0.20353982300884957
252,0.22972972972972974,0.1111111111111111,0.69,0.13
253,0.31,0.06,0.7395833333333334,0.125
254,0.28421052631578947,0.0380952380952381,0.5922330097087378,0.14432989690721648
255,0.25252525252525254,0.0891089108910891,0.71875,0.20192307692307693
256,0.19047619047619047,0.07368421052631578,0.6699029126213593,0.18556701030927836
257,0.2708333333333333,0.0673076923076923,0.6413043478260869,0.09259259259259259
258,0.37894736842105264,0.13333333333333333,0.6,0.17142857142857143
259,0.3023255813953488,0.043859649122807015,0.7446808510638298,0.12264150943396226
260,0.28125,0.09615384615384616,0.5894736842105263,0.17142857142857143
261,0.28735632183908044,0.09734513274336283,0.7777777777777778,0.15841584158415842
262,0.34444444444444444,0.12727272727272726,0.75,0.1
263,0.2777777777777778,0.07608695652173914,0.7021276595744681,0.16981132075471697
264,0.2978723404255319,0.04716981132075472,0.6595744680851063,0.2641509433962264
265,0.38202247191011235,0.0990990990990991,0.6020408163265306,0.09803921568627451
266,0.31958762886597936,0.02912621359223301,0.5612244897959183,0.17647058823529413
267,0.27,0.09,0.6666666666666666,0.1
268,0.20408163265306123,0.058823529411764705,0.7272727272727273,0.21428571428571427
269,0.21348314606741572,0.05405405405405406,0.6067415730337079,0.13513513513513514
270,0.23469387755102042,0.0784313725490196,0.6344086021505376,0.1308411214953271
271,0.28865979381443296,0.02912621359223301,0.75,0.08695652173913043
272,0.2708333333333333,0.08653846153846154,0.7204301075268817,0.09345794392523364
273,0.3333333333333333,0.05813953488372093,0.6262626262626263,0.1188118811881188
274,0.2909090909090909,0.06666666666666667,0.7391304347826086,0.12037037037037036
275,0.28888888888888886,0.05454545454545454,0.6593406593406593,0.10091743119266056
276,0.30851063829787234,0.04716981132075472,0.7931034482758621,0.19469026548672566
277,0.23376623376623376,0.032520325203252036,0.7010309278350515,0.08737864077669903
278,0.30851063829787234,0.04716981132075472,0.6666666666666666,0.11504424778761062
279,0.3263157894736842,0.01904761904761905,0.6941176470588235,0.13043478260869565
280,0.25,0.03,0.7386363636363636,0.13392857142857142
281,0.3592233009708738,0.020618556701030927,0.6630434782608695,0.12962962962962962
282,0.2804878048780488,0.025423728813559324,0.6632653061224489,0.13725490196078433
283,0.24242424242424243,0.04950495049504951,0.7701149425287356,0.09734513274336283
284,0.23076923076923078,0.01834862385321101,0.6836734693877551,0.08823529411764706
285,0.3763440860215054,0.018691588785046728,0.6470588235294118,0.11224489795918367
286,0.31313131313131315,0.0297029702970297,0.6851851851851852,0.11956521739130435
287,0.2391304347826087,0.046296296296296294,0.6808510638297872,0.1320754716981132
288,0.27722772277227725,0.030303030303030304,0.7362637362637363,0.03669724770642202
289,0.35789473684210527,0.02857142857142857,0.6875,0.10576923076923077
290,0.23333333333333334,0.05454545454545454,0.7446808510638298,0.09433962264150944
291,0.3258426966292135,0.009009009009009009,0.75,0.125
292,0.28865979381443296,0.019417475728155338,0.7340425531914894,0.16037735849056603
293,0.28421052631578947,0.0380952380952381,0.6804123711340206,0.10679611650485436
294,0.38372093023255816,0.017543859649122806,0.7733333333333333,0.112
295,0.3287671232876712,0.023622047244094488,0.7978723404255319,0.11320754716981132
296,0.2631578947368421,0.01904761904761905,0.7156862745098039,0.14285714285714285
297,0.24742268041237114,0.019417475728155338,0.6336633663366337,0.10101010101010101
298,0.3146067415730337,0.009009009009009009,0.7777777777777778,0.14285714285714285
299,0.22,0.03,0.7590361445783133,0.07692307692307693
300,0.2631578947368421,0.02857142857142857,0.8072289156626506,0.1111111111111111
301,0.3146067415730337,0.02702702702702703,0.7307692307692307,0.07291666666666667
302,0.3163265306122449,0.00980392156862745,0.7731958762886598,0.08737864077669903
303,0.33962264150943394,0.0,0.7415730337078652,0.10810810810810811
304,0.33695652173913043,0.009259259259259259,0.8095238095238095,0.1368421052631579
305,0.32323232323232326,0.019801980198019802,0.6216216216216216,0.06741573033707865
306,0.32673267326732675,0.04040404040404041,0.7281553398058253,0.09278350515463918
307,0.29069767441860467,0.008771929824561403,0.8152173913043478,0.07407407407407407
308,0.32967032967032966,0.01834862385321101,0.7157894736842105,0.14285714285714285
309,0.2978723404255319,0.02830188679245283,0.7264150943396226,0.07446808510638298
310,0.313953488372093,0.017543859649122806,0.7282608695652174,0.09259259259259259
311,0.34408602150537637,0.028037383177570093,0.7755102040816326,0.08823529411764706
312,0.32608695652173914,0.009259259259259259,0.6736842105263158,0.06666666666666667
313,0.26,0.03,0.7252747252747253,0.07339449541284404
314,0.28888888888888886,0.03636363636363636,0.723404255319149,0.10377358490566038
315,0.2,0.042105263157894736,0.6796116504854369,0.09278350515463918
316,0.33980582524271846,0.041237113402061855,0.7254901960784313,0.061224489795918366
317,0.3486238532110092,0.03296703296703297,0.7764705882352941,0.034782608695652174
318,0.3157894736842105,0.01904761904761905,0.7415730337078652,0.13513513513513514
319,0.3411764705882353,0.043478260869565216,0.7526881720430108,0.08411214953271028
320,0.22429906542056074,0.021505376344086023,0.7555555555555555,0.08181818181818182
321,0.2604166666666667,0.028846153846153848,0.813953488372093,0.12280701754385964
322,0.22448979591836735,0.049019607843137254,0.7582417582417582,0.09174311926605505
323,0.26,0.01,0.7,0.07272727272727272
324,0.23958333333333334,0.028846153846153848,0.7333333333333333,0.10909090909090909
325,0.27586206896551724,0.02654867256637168,0.7663551401869159,0.15053763440860216
326,0.3018867924528302,0.0425531914893617,0.7551020408163265,0.058823529411764705
327,0.27586206896551724,0.023809523809523808,0.6666666666666666,0.09090909090909091
328,0.24468085106382978,0.03773584905660377,0.7317073170731707,0.11016949152542373
329,0.18269230769230768,0.010416666666666666,0.7391304347826086,0.09259259259259259
330,0.15053763440860216,0.04672897196261682,0.6627906976744186,0.11403508771929824
331,0.25675675675675674,0.023809523809523808,0.7714285714285715,0.12631578947368421
332,0.24074074074074073,0.043478260869565216,0.6363636363636364,0.05357142857142857
333,0.1919191919191919,0.039603960396039604,0.7282608695652174,0.1111111111111111
334,0.22330097087378642,0.020618556701030927,0.7222222222222222,0.14130434782608695
335,0.17721518987341772,0.04132231404958678,0.7307692307692307,0.10416666666666667
336,0.09803921568627451,0.08163265306122448,0.7628865979381443,0.07766990291262135
337,0.14423076923076922,0.052083333333333336,0.6666666666666666,0.07692307692307693
338,0.2403846153846154,0.052083333333333336,0.7058823529411765,0.1391304347826087
339,0.1875,0.038461538461538464,0.7032967032967034,0.13761467889908258
340,0.17894736842105263,0.0,0.6588235294117647,0.0782608695652174
341,0.25842696629213485,0.02702702702702703,0.7261904761904762,0.10344827586206896
342,0.1919191919191919,0.0297029702970297,0.7184466019417476,0.12371134020618557
343,0.22972972972972974,0.015873015873015872,0.75,0.06481481481481481
344,0.2391304347826087,0.027777777777777776,0.6853932584269663,0.12612612612612611
345,0.18085106382978725,0.03773584905660377,0.6494845360824743,0.07766990291262135
346,0.2597402597402597,0.008130081300813009,0.723404255319149,0.09433962264150944
347,0.21875,0.028846153846153848,0.6708860759493671,0.08264462809917356
348,0.1744186046511628,0.03508771929824561,0.6547619047619048,0.13793103448275862
349,0.16483516483516483,0.03669724770642202,0.6593406593406593,0.09174311926605505
350,0.2222222222222222,0.07272727272727272,0.7216494845360825,0.0970873786407767
351,0.23529411764705882,0.02040816326530612,0.63,0.07
352,0.19090909090909092,0.022222222222222223,0.6037735849056604,0.1276595744680851
353,0.19318181818181818,0.03571428571428571,0.6530612244897959,0.11764705882352941
354,0.17582417582417584,0.01834862385321101,0.6559139784946236,0.11214953271028037
355,0.16666666666666666,0.009615384615384616,0.6195652173913043,0.14814814814814814
356,0.20618556701030927,0.06796116504854369,0.7674418604651163,0.14035087719298245
357,0.25925925925925924,0.025210084033613446,0.693069306930693,0.12121212121212122
358,0.21,0.02,0.7204301075268817,0.17757009345794392
359,0.16,0.04,0.7010309278350515,0.1262135922330097
360,0.16,0.04,0.6595744680851063,0.14150943396226415
361,0.21875,0.08653846153846154,0.6941176470588235,0.1391304347826087
362,0.2159090909090909,0.026785714285714284,0.6966292134831461,0.09009009009009009
363,0.17391304347826086,0.037037037037037035,0.7142857142857143,0.10344827586206896
364,0.25842696629213485,0.02702702702702703,0.6881720430107527,0.07476635514018691
365,0.18947368421052632,0.02857142857142857,0.6504854368932039,0.12371134020618557
366,0.20454545454545456,0.017857142857142856,0.7590361445783133,0.17094017094017094
367,0.17142857142857143,0.05263157894736842,0.75,0.09482758620689655
368,0.1958762886597938,0.009708737864077669,0.6987951807228916,0.07692307692307693
369,0.19791666666666666,0.028846153846153848,0.6,0.0761904761904762
370,0.13636363636363635,0.026785714285714284,0.7448979591836735,0.0784313725490196
371,0.10784313725490197,0.030612244897959183,0.6702127659574468,0.11320754716981132
372,0.21739130434782608,0.046296296296296294,0.7473684210526316,0.05714285714285714
373,0.17391304347826086,0.046296296296296294,0.6987951807228916,0.06837606837606838
374,0.1368421052631579,0.047619047619047616,0.7373737373737373,0.06930693069306931
375,0.1348314606741573,0.04504504504504504,0.6904761904761905,0.10344827586206896
376,0.20454545454545456,0.008928571428571428,0.7307692307692307,0.0625
377,0.1523809523809524,0.05263157894736842,0.74,0.04
378,0.17708333333333334,0.038461538461538464,0.7065217391304348,0.09259259259259259
379,0.11956521739130435,0.05555555555555555,0.7029702970297029,0.050505050505050504
380,0.21100917431192662,0.054945054945054944,0.7419354838709677,0.08411214953271028
381,0.21649484536082475,0.04854368932038835,0.8095238095238095,0.04310344827586207
382,0.2608695652173913,0.018518518518518517,0.7816091954022989,0.08849557522123894
383,0.20202020202020202,0.0594059405940594,0.7708333333333334,0.11538461538461539
384,0.15789473684210525,0.0380952380952381,0.7474747474747475,0.06930693069306931
385,0.22093023255813954,0.017543859649122806,0.7111111111111111,0.07272727272727272
386,0.16666666666666666,0.057692307692307696,0.7959183673469388,0.049019607843137254
387,0.125,0.038461538461538464,0.6914893617021277,0.03773584905660377
388,0.14736842105263157,0.02857142857142857,0.7362637362637363,0.045871559633027525
389,0.21505376344086022,0.037383177570093455,0.7590361445783133,0.02564102564102564
390,0.09302325581395349,0.017543859649122806,0.75,0.05
391,0.12658227848101267,0.04132231404958678,0.7307692307692307,0.03125
392,0.22340425531914893,0.03773584905660377,0.7448979591836735,0.058823529411764705
393,0.16494845360824742,0.02912621359223301,0.7619047619047619,0.08620689655172414
394,0.16483516483516483,0.05504587155963303,0.6588235294117647,0.043478260869565216
395,0.17647058823529413,0.061224489795918366,0.6881720430107527,0.056074766355140186
396,0.18095238095238095,0.05263157894736842,0.7555555555555555,0.09090909090909091
397,0.13186813186813187,0.027522935779816515,0.7045454545454546,0.07142857142857142
398,0.18811881188118812,0.030303030303030304,0.7111111111111111,0.045454545454545456
399,0.13541666666666666,0.038461538461538464,0.7755102040816326,0.0392156862745098
400,0.20238095238095238,0.04310344827586207,0.7425742574257426,0.10101010101010101
401,0.17391304347826086,0.027777777777777776,0.8494623655913979,0.07476635514018691
402,0.10588235294117647,0.02608695652173913,0.696969696969697,0.06930693069306931
403,0.17391304347826086,0.046296296296296294,0.6881720430107527,0.11214953271028037
404,0.2619047619047619,0.017241379310344827,0.797752808988764,0.07207207207207207
405,0.19090909090909092,0.022222222222222223,0.7227722772277227,0.050505050505050504
406,0.2465753424657534,0.07086614173228346,0.7757009345794392,0.03225806451612903
407,0.23157894736842105,0.01904761904761905,0.7473684210526316,0.0380952380952381
408,0.22857142857142856,0.021052631578947368,0.7272727272727273,0.06930693069306931
409,0.21153846153846154,0.0625,0.6951219512195121,0.0847457627118644
410,0.13636363636363635,0.017857142857142856,0.5824175824175825,0.08256880733944955
411,0.1568627450980392,0.05102040816326531,0.7021276595744681,0.10377358490566038
412,0.1411764705882353,0.02608695652173913,0.6951219512195121,0.09322033898305085
413,0.15384615384615385,0.01834862385321101,0.6629213483146067,0.04504504504504504
414,0.18888888888888888,0.02727272727272727,0.6116504854368932,0.020618556701030927
415,0.21951219512195122,0.05084745762711865,0.723404255319149,0.04716981132075472
416,0.19230769230769232,0.052083333333333336,0.7333333333333333,0.08181818181818182
417,0.23809523809523808,0.04310344827586207,0.7446808510638298,0.11320754716981132
418,0.18478260869565216,0.06481481481481481,0.7272727272727273,0.06930693069306931
419,0.17346938775510204,0.029411764705882353,0.6534653465346535,0.010101010101010102
420,0.16666666666666666,0.008620689655172414,0.6627906976744186,0.08771929824561403
421,0.17204301075268819,0.037383177570093455,0.6881720430107527,0.06542056074766354
422,0.16853932584269662,0.018018018018018018,0.6067415730337079,0.05405405405405406
423,0.1935483870967742,0.037383177570093455,0.7380952380952381,0.04310344827586207
424,0.23255813953488372,0.017543859649122806,0.6952380952380952,0.05263157894736842
425,0.25882352941176473,0.02608695652173913,0.6804123711340206,0.06796116504854369
426,0.13978494623655913,0.018691588785046728,0.7252747252747253,0.05504587155963303
427,0.25,0.052083333333333336,0.648936170212766,0.09433962264150944
428,0.24210526315789474,0.05714285714285714,0.6422018348623854,0.04395604395604396
429,0.11702127659574468,0.0,0.6666666666666666,0.056074766355140186
430,0.19811320754716982,0.02127659574468085,0.651685393258427,0.10810810810810811
431,0.25555555555555554,0.0,0.723404255319149,0.04716981132075472
432,0.18888888888888888,0.02727272727272727,0.723404255319149,0.08490566037735849
433,0.18478260869565216,0.046296296296296294,0.6767676767676768,0.07920792079207921
434,0.29069767441860467,0.043859649122807015,0.75,0.037037037037037035
435,0.2,0.01818181818181818,0.6987951807228916,0.10256410256410256
436,0.20224719101123595,0.018018018018018018,0.625,0.10714285714285714
437,0.14678899082568808,0.02197802197802198,0.62,0.12
438,0.1595744680851064,0.009433962264150943,0.6630434782608695,0.06481481481481481
439,0.1717171717171717,0.0,0.6931818181818182,0.08928571428571429
440,0.23595505617977527,0.018018018018018018,0.6739130434782609,0.05555555555555555
441,0.22340425531914893,0.04716981132075472,0.6185567010309279,0.06796116504854369
442,0.22826086956521738,0.009259259259259259,0.7093023255813954,0.08771929824561403
443,0.19148936170212766,0.009433962264150943,0.6635514018691588,0.053763440860215055
444,0.17525773195876287,0.038834951456310676,0.6739130434782609,0.1111111111111111
445,0.25,0.018518518518518517,0.6739130434782609,0.05555555555555555
446,0.2127659574468085,0.009433962264150943,0.5360824742268041,0.11650485436893204
447,0.15841584158415842,0.030303030303030304,0.7087378640776699,0.08247422680412371
448,0.15625,0.009615384615384616,0.711340206185567,0.04854368932038835
449,0.22772277227722773,0.030303030303030304,0.6785714285714286,0.1206896551724138
450,0.2,0.00909090909090909,0.6853932584269663,0.06306306306306306
451,0.1956521739130435,0.037037037037037035,0.6413043478260869,0.05555555555555555
452,0.21839080459770116,0.017699115044247787,0.69,0.06
453,0.14893617021276595,0.02830188679245283,0.6436781609195402,0.07964601769911504
454,0.17777777777777778,0.00909090909090909,0.6842105263157895,0.10476190476190476
455,0.22772277227722773,0.020202020202020204,0.7216494845360825,0.1262135922330097
456,0.2358490566037736,0.02127659574468085,0.5473684210526316,0.10476190476190476
457,0.2127659574468085,0.018867924528301886,0.5802469135802469,0.07563025210084033
458,0.13541666666666666,0.019230769230769232,0.6666666666666666,0.09243697478991597
459,0.2808988764044944,0.02702702702702703,0.6511627906976745,0.07894736842105263
460,0.18072289156626506,0.017094017094017096,0.5760869565217391,0.08333333333333333
461,0.17708333333333334,0.028846153846153848,0.6190476190476191,0.0603448275862069
462,0.1836734693877551,0.00980392156862745,0.631578947368421,0.12096774193548387
463,0.2268041237113402,0.009708737864077669,0.5393258426966292,0.07207207207207207
464,0.25263157894736843,0.02857142857142857,0.5656565656565656,0.15841584158415842
465,0.2268041237113402,0.0,0.6373626373626373,0.09174311926605505
466,0.16326530612244897,0.00980392156862745,0.7078651685393258,0.09009009009009009
467,0.25742574257425743,0.030303030303030304,0.5714285714285714,0.11009174311926606
468,0.21839080459770116,0.008849557522123894,0.6530612244897959,0.10784313725490197
469,0.24096385542168675,0.03418803418803419,0.5376344086021505,0.102803738317757
470,0.14432989690721648,0.02912621359223301,0.5638297872340425,0.08490566037735849
471,0.22330097087378642,0.05154639175257732,0.6732673267326733,0.08080808080808081
472,0.2159090909090909,0.017857142857142856,0.5376344086021505,0.09345794392523364
473,0.22093023255813954,0.008771929824561403,0.6111111111111112,0.06521739130434782
474,0.18604651162790697,0.043859649122807015,0.648936170212766,0.08490566037735849
475,0.2716049382716049,0.025210084033613446,0.5714285714285714,0.11206896551724138
476,0.24468085106382978,0.018867924528301886,0.6407766990291263,0.08247422680412371
477,0.13861386138613863,0.020202020202020204,0.6145833333333334,0.04807692307692308
478,0.21739130434782608,0.027777777777777776,0.5714285714285714,0.09174311926605505
479,0.25471698113207547,0.010638297872340425,0.6179775280898876,0.06306306306306306
480,0.23232323232323232,0.019801980198019802,0.6542056074766355,0.10752688172043011
481,0.24742268041237114,0.02912621359223301,0.5730337078651685,0.07207207207207207
482,0.23595505617977527,0.018018018018018018,0.6237623762376238,0.09090909090909091
483,0.23232323232323232,0.0297029702970297,0.4945054945054945,0.08256880733944955
484,0.21978021978021978,0.027522935779816515,0.5567010309278351,0.06796116504854369
485,0.35294117647058826,0.02608695652173913,0.5408163265306123,0.0784313725490196
486,0.24210526315789474,0.009523809523809525,0.5425531914893617,0.11320754716981132
487,0.22549019607843138,0.030612244897959183,0.5681818181818182,0.08035714285714286
488,0.27956989247311825,0.0,0.5274725274725275,0.027522935779816515
489,0.2621359223300971,0.010309278350515464,0.638095238095238,0.09473684210526316
490,0.24444444444444444,0.0,0.4634146341463415,0.11864406779661017
491,0.15217391304347827,0.009259259259259259,0.574468085106383,0.08490566037735849
492,0.16483516483516483,0.01834862385321101,0.5257731958762887,0.07766990291262135
493,0.2553191489361702,0.0,0.5670103092783505,0.07766990291262135
494,0.14678899082568808,0.01098901098901099,0.5681818181818182,0.11607142857142858
495,0.22988505747126436,0.035398230088495575,0.39759036144578314,0.06837606837606838
496,0.2268041237113402,0.038834951456310676,0.5,0.08333333333333333
497,0.25609756097560976,0.01694915254237288,0.5533980582524272,0.09278350515463918
498,0.1782178217821782,0.0,0.4842105263157895,0.0761904761904762
499,0.2980769230769231,0.020833333333333332,0.49,0.09
500,0.26744186046511625,0.02631578947368421,0.54,0.06
501,0.2777777777777778,0.01818181818181818,0.5368421052631579,0.0761904761904762
502,0.2222222222222222,0.0,0.4946236559139785,0.056074766355140186
503,0.23404255319148937,0.02830188679245283,0.5157894736842106,0.09523809523809523
504,0.16494845360824742,0.04854368932038835,0.49019607843137253,0.12244897959183673
505,0.23333333333333334,0.01818181818181818,0.5185185185185185,0.12605042016806722
506,0.2891566265060241,0.017094017094017096,0.46808510638297873,0.02830188679245283
507,0.27906976744186046,0.017543859649122806,0.5888888888888889,0.10909090909090909
508,0.2111111111111111,0.03636363636363636,0.43023255813953487,0.09649122807017543
509,0.3146067415730337,0.018018018018018018,0.5609756097560976,0.1016949152542373
510,0.27058823529411763,0.008695652173913044,0.4868421052631579,0.08870967741935484
511,0.26595744680851063,0.018867924528301886,0.36792452830188677,0.06382978723404255
512,0.2159090909090909,0.0625,0.4891304347826087,0.1111111111111111
513,0.18556701030927836,0.019417475728155338,0.49514563106796117,0.08247422680412371
514,0.2717391304347826,0.0,0.4479166666666667,0.11538461538461539
515,0.22580645161290322,0.018691588785046728,0.44660194174757284,0.1134020618556701
516,0.27472527472527475,0.01834862385321101,0.3953488372093023,0.13157894736842105
517,0.23157894736842105,0.009523809523809525,0.4479166666666667,0.04807692307692308
518,0.2755102040816326,0.029411764705882353,0.5408163265306123,0.10784313725490197
519,0.21875,0.028846153846153848,0.46226415094339623,0.07446808510638298
520,0.19791666666666666,0.009615384615384616,0.46875,0.1346153846153846
521,0.1717171717171717,0.039603960396039604,0.4639175257731959,0.05825242718446602
522,0.21739130434782608,0.0,0.4945054945054945,0.05504587155963303
523,0.22105263157894736,0.047619047619047616,0.4642857142857143,0.04310344827586207
524,0.23157894736842105,0.01904761904761905,0.5053763440860215,0.08411214953271028
525,0.18518518518518517,0.008403361344537815,0.4567901234567901,0.058823529411764705
526,0.1523809523809524,0.021052631578947368,0.5308641975308642,0.1092436974789916
527,0.18478260869565216,0.027777777777777776,0.422680412371134,0.06796116504854369
528,0.15463917525773196,0.009708737864077669,0.4,0.14736842105263157
529,0.29545454545454547,0.008928571428571428,0.47368421052631576,0.06666666666666667
530,0.25274725274725274,0.027522935779816515,0.4742268041237113,0.10679611650485436
531,0.30120481927710846,0.03418803418803419,0.49514563106796117,0.12371134020618557
532,0.24742268041237114,0.02912621359223301,0.4,0.07272727272727272
533,0.17391304347826086,0.018518518518518517,0.40384615384615385,0.08333333333333333
534,0.17582417582417584,0.01834862385321101,0.35964912280701755,0.10465116279069768
535,0.23595505617977527,0.02702702702702703,0.375,0.08333333333333333
536,0.2111111111111111,0.03636363636363636,0.4044943820224719,0.0990990990990991
537,0.25287356321839083,0.035398230088495575,0.5116279069767442,0.09649122807017543
538,0.30612244897959184,0.00980392156862745,0.3617021276595745,0.12264150943396226
539,0.27710843373493976,0.0,0.3763440860215054,0.102803738317757
540,0.18681318681318682,0.03669724770642202,0.3888888888888889,0.12727272727272726
541,0.20224719101123595,0.018018018018018018,0.45918367346938777,0.08823529411764706
542,0.25,0.03225806451612903,0.3829787234042553,0.0660377358490566
543,0.22826086956521738,0.0,0.4222222222222222,0.12727272727272726
544,0.27710843373493976,0.008547008547008548,0.4090909090909091,0.12222222222222222
545,0.28865979381443296,0.019417475728155338,0.37894736842105264,0.11428571428571428
546,0.2403846153846154,0.0,0.391304347826087,0.17592592592592593
547,0.18604651162790697,0.008771929824561403,0.3877551020408163,0.09803921568627451
548,0.2708333333333333,0.038461538461538464,0.29473684210526313,0.13333333333333333
549,0.19148936170212766,0.018867924528301886,0.43023255813953487,0.12280701754385964
550,0.2289156626506024,0.008547008547008548,0.41935483870967744,0.056074766355140186
551,0.2765957446808511,0.0,0.42592592592592593,0.10869565217391304
552,0.2815533980582524,0.041237113402061855,0.4090909090909091,0.10714285714285714
553,0.3058823529411765,0.008695652173913044,0.4111111111111111,0.10909090909090909
554,0.12371134020618557,0.009708737864077669,0.3333333333333333,0.10576923076923077
555,0.23076923076923078,0.010416666666666666,0.43373493975903615,0.08547008547008547
556,0.2608695652173913,0.009259259259259259,0.32989690721649484,0.1262135922330097
557,0.19318181818181818,0.0,0.38613861386138615,0.1111111111111111
558,0.1958762886597938,0.038834951456310676,0.4095238095238095,0.11578947368421053
559,0.19047619047619047,0.031578947368421054,0.4329896907216495,0.11650485436893204
560,0.15306122448979592,0.00980392156862745,0.43564356435643564,0.13131313131313133
561,0.24,0.02,0.3611111111111111,0.11956521739130435
562,0.26136363636363635,0.026785714285714284,0.41414141414141414,0.06930693069306931
563,0.2235294117647059,0.008695652173913044,0.5227272727272727,0.14285714285714285
564,0.23958333333333334,0.009615384615384616,0.40217391304347827,0.12037037037037036
565,0.23711340206185566,0.038834951456310676,0.32967032967032966,0.08256880733944955
566,0.19540229885057472,0.04424778761061947,0.4431818181818182,0.10714285714285714
567,0.15151515151515152,0.019801980198019802,0.43956043956043955,0.11009174311926606
568,0.26,0.02,0.43434343434343436,0.0891089108910891
569,0.21739130434782608,0.0,0.44,0.18
570,0.17525773195876287,0.02912621359223301,0.42452830188679247,0.0851063829787234
571,0.1411764705882353,0.017391304347826087,0.4946236559139785,0.12149532710280374
572,0.26666666666666666,0.00909090909090909,0.43434343434343436,0.0594059405940594
573,0.23529411764705882,0.030612244897959183,0.43478260869565216,0.12962962962962962
574,0.21428571428571427,0.0196078431372549,0.41304347826086957,0.1111111111111111
575,0.2857142857142857,0.008620689655172414,0.47058823529411764,0.09565217391304348
576,0.1724137931034483,0.0,0.47191011235955055,0.0990990990990991
577,0.2808988764044944,0.02702702702702703,0.42857142857142855,0.11764705882352941
578,0.24731182795698925,0.009345794392523364,0.4065934065934066,0.11009174311926606
579,0.2077922077922078,0.016260162601626018,0.42391304347826086,0.046296296296296294
580,0.29347826086956524,0.009259259259259259,0.45794392523364486,0.07526881720430108
581,0.23958333333333334,0.04807692307692308,0.37383177570093457,0.08602150537634409
582,0.22772277227722773,0.020202020202020204,0.45454545454545453,0.08943089430894309
583,0.17582417582417584,0.07339449541284404,0.43617021276595747,0.09433962264150944
584,0.3488372093023256,0.017543859649122806,0.37272727272727274,0.1111111111111111
585,0.2804878048780488,0.0,0.3888888888888889,0.05434782608695652
586,0.2828282828282828,0.0,0.4175824175824176,0.09174311926605505
587,0.325,0.016666666666666666,0.5050505050505051,0.0594059405940594
588,0.2823529411764706,0.017391304347826087,0.4270833333333333,0.09615384615384616
589,0.26595744680851063,0.0,0.4943820224719101,0.05405405405405406
590,0.26136363636363635,0.008928571428571428,0.5402298850574713,0.08849557522123894
591,0.3218390804597701,0.02654867256637168,0.40217391304347827,0.07407407407407407
592,0.28421052631578947,0.01904761904761905,0.4880952380952381,0.09482758620689655
593,0.24731182795698925,0.028037383177570093,0.5113636363636364,0.08928571428571429
594,0.2736842105263158,0.01904761904761905,0.580952380952381,0.1368421052631579
595,0.22105263157894736,0.02857142857142857,0.40860215053763443,0.037383177570093455
596,0.3,0.03636363636363636,0.3695652173913043,0.05555555555555555
597,0.3125,0.009615384615384616,0.52,0.1
598,0.31958762886597936,0.009708737864077669,0.4339622641509434,0.0851063829787234
599,0.2127659574468085,0.009433962264150943,0.41414141414141414,0.04950495049504951
600,0.2717391304347826,0.0,0.5053763440860215,0.056074766355140186
601,0.18181818181818182,0.008928571428571428,0.5473684210526316,0.047619047619047616
602,0.35365853658536583,0.00847457627118644,0.4731182795698925,0.102803738317757
603,0.3111111111111111,0.02727272727272727,0.48148148148148145,0.08403361344537816
604,0.2647058823529412,0.02040816326530612,0.44761904761904764,0.09473684210526316
605,0.3125,0.0,0.46788990825688076,0.08791208791208792
606,0.25882352941176473,0.0,0.3870967741935484,0.08411214953271028
607,0.25225225225225223,0.0,0.42045454545454547,0.05357142857142857
608,0.2891566265060241,0.02564102564102564,0.4854368932038835,0.09278350515463918
609,0.2441860465116279,0.03508771929824561,0.5,0.043478260869565216
610,0.2672413793103448,0.023809523809523808,0.449438202247191,0.04504504504504504
611,0.3225806451612903,0.018691588785046728,0.3655913978494624,0.06542056074766354
612,0.1797752808988764,0.02702702702702703,0.42857142857142855,0.045871559633027525
613,0.1956521739130435,0.018518518518518517,0.4235294117647059,0.06956521739130435
614,0.1782178217821782,0.010101010101010102,0.40186915887850466,0.13978494623655913
615,0.16161616161616163,0.009900990099009901,0.47126436781609193,0.04424778761061947
616,0.21495327102803738,0.010752688172043012,0.42424242424242425,0.06930693069306931
617,0.2376237623762376,0.020202020202020204,0.4166666666666667,0.06896551724137931
618,0.22549019607843138,0.02040816326530612,0.38636363636363635,0.13392857142857142
619,0.22916666666666666,0.009615384615384616,0.4148936170212766,0.0660377358490566
620,0.20930232558139536,0.008771929824561403,0.44680851063829785,0.0660377358490566
621,0.23157894736842105,0.009523809523809525,0.43010752688172044,0.08411214953271028
622,0.2112676056338028,0.007751937984496124,0.4117647058823529,0.05217391304347826
623,0.15555555555555556,0.0,0.3563218390804598,0.10619469026548672
624,0.15476190476190477,0.008620689655172414,0.5058823529411764,0.10434782608695652
625,0.2727272727272727,0.026785714285714284,0.5340909090909091,0.08928571428571429
626,0.1951219512195122,0.03389830508474576,0.47058823529411764,0.06086956521739131
627,0.23711340206185566,0.02912621359223301,0.45454545454545453,0.09821428571428571
628,0.14772727272727273,0.017857142857142856,0.4157303370786517,0.08108108108108109
629,0.2222222222222222,0.00909090909090909,0.5,0.07894736842105263
630,0.21978021978021978,0.027522935779816515,0.358974358974359,0.02459016393442623
631,0.1958762886597938,0.038834951456310676,0.375,0.125
632,0.2558139534883721,0.03508771929824561,0.45544554455445546,0.09090909090909091
633,0.21518987341772153,0.05785123966942149,0.3870967741935484,0.037383177570093455
634,0.15841584158415842,0.010101010101010102,0.48936170212765956,0.05660377358490566
635,0.11578947368421053,0.01904761904761905,0.46236559139784944,0.11214953271028037
636,0.18085106382978725,0.009433962264150943,0.3925233644859813,0.07526881720430108
637,0.14772727272727273,0.008928571428571428,0.4019607843137255,0.061224489795918366
638,0.1717171717171717,0.019801980198019802,0.4074074074074074,0.06722689075630252
639,0.15294117647058825,0.034782608695652174,0.47959183673469385,0.0392156862745098
640,0.14606741573033707,0.04504504504504504,0.41935483870967744,0.09345794392523364
641,0.1348314606741573,0.018018018018018018,0.4791666666666667,0.07692307692307693
642,0.2647058823529412,0.045454545454545456,0.43820224719101125,0.05405405405405406
643,0.18478260869565216,0.027777777777777776,0.35789473684210527,0.0761904761904762
644,0.15555555555555556,0.03636363636363636,0.4065934065934066,0.05504587155963303
645,0.22641509433962265,0.010638297872340425,0.46601941747572817,0.07216494845360824
646,0.1368421052631579,0.0380952380952381,0.43137254901960786,0.061224489795918366
647,0.13861386138613863,0.030303030303030304,0.4111111111111111,0.09090909090909091
648,0.20430107526881722,0.018691588785046728,0.4125,0.06666666666666667
649,0.21978021978021978,0.03669724770642202,0.36363636363636365,0.05357142857142857
650,0.15384615384615385,0.020833333333333332,0.4157303370786517,0.08108108108108109
651,0.14285714285714285,0.0392156862745098,0.5168539325842697,0.12612612612612611
652,0.19047619047619047,0.021052631578947368,0.3978494623655914,0.037383177570093455
653,0.17073170731707318,0.03389830508474576,0.42391304347826086,0.08333333333333333
654,0.2413793103448276,0.035398230088495575,0.375,0.058333333333333334
655,0.13861386138613863,0.0707070707070707,0.422680412371134,0.0970873786407767
656,0.15151515151515152,0.039603960396039604,0.4578313253012048,0.05128205128205128
657,0.21568627450980393,0.01020408163265306,0.3645833333333333,0.07692307692307693
658,0.16666666666666666,0.01020408163265306,0.3644859813084112,0.053763440860215055
659,0.1702127659574468,0.009433962264150943,0.36082474226804123,0.08737864077669903
660,0.1958762886597938,0.02912621359223301,0.38461538461538464,0.027522935779816515
661,0.19387755102040816,0.0196078431372549,0.3465346534653465,0.13131313131313133
662,0.15730337078651685,0.05405405405405406,0.3979591836734694,0.0784313725490196
663,0.22972972972972974,0.007936507936507936,0.4111111111111111,0.045454545454545456
664,0.1941747572815534,0.041237113402061855,0.3877551020408163,0.0392156862745098
665,0.16037735849056603,0.06382978723404255,0.4,0.05
666,0.16831683168316833,0.04040404040404041,0.34065934065934067,0.05504587155963303
667,0.16129032258064516,0.018691588785046728,0.336734693877551,0.049019607843137254
668,0.13131313131313133,0.039603960396039604,0.4431818181818182,0.07142857142857142
669,0.12087912087912088,0.027522935779816515,0.34782608695652173,0.08333333333333333
670,0.18446601941747573,0.020618556701030927,0.3829787234042553,0.07547169811320754
671,0.21428571428571427,0.017241379310344827,0.3958333333333333,0.07692307692307693
672,0.1797752808988764,0.0,0.40816326530612246,0.058823529411764705
673,0.14736842105263157,0.047619047619047616,0.35714285714285715,0.049019607843137254
674,0.17857142857142858,0.017241379310344827,0.4,0.075
675,0.11494252873563218,0.04424778761061947,0.44565217391304346,0.09259259259259259
676,0.2111111111111111,0.01818181818181818,0.43636363636363634,0.07777777777777778
677,0.17582417582417584,0.06422018348623854,0.42045454545454547,0.044642857142857144
678,0.20930232558139536,0.05263157894736842,0.2803738317757009,0.07526881720430108
679,0.16494845360824742,0.038834951456310676,0.3333333333333333,0.09243697478991597
680,0.15384615384615385,0.05504587155963303,0.3333333333333333,0.09243697478991597
681,0.20212765957446807,0.05660377358490566,0.30851063829787234,0.05660377358490566
682,0.23300970873786409,0.010309278350515464,0.33695652173913043,0.018518518518518517
683,0.15730337078651685,0.018018018018018018,0.3404255319148936,0.02830188679245283
684,0.2696629213483146,0.018018018018018018,0.46938775510204084,0.08823529411764706
685,0.13829787234042554,0.04716981132075472,0.3557692307692308,0.09375
686,0.23469387755102042,0.0392156862745098,0.40963855421686746,0.10256410256410256
687,0.16853932584269662,0.036036036036036036,0.3958333333333333,0.0673076923076923
688,0.18681318681318682,0.03669724770642202,0.4158415841584158,0.010101010101010102
689,0.23157894736842105,0.01904761904761905,0.3695652173913043,0.08333333333333333
690,0.1782178217821782,0.04040404040404041,0.4588235294117647,0.06086956521739131
691,0.23529411764705882,0.0,0.33707865168539325,0.08108108108108109
692,0.21978021978021978,0.027522935779816515,0.32323232323232326,0.039603960396039604
693,0.2222222222222222,0.024096385542168676,0.3870967741935484,0.028037383177570093
694,0.21875,0.028846153846153848,0.3333333333333333,0.05309734513274336
695,0.27586206896551724,0.02654867256637168,0.39215686274509803,0.11224489795918367
696,0.22115384615384615,0.020833333333333332,0.4111111111111111,0.07272727272727272
697,0.1523809523809524,0.021052631578947368,0.41025641025641024,0.040983606557377046
698,0.15555555555555556,0.05454545454545454,0.4418604651162791,0.06140350877192982
699,0.1702127659574468,0.03773584905660377,0.43333333333333335,0.08181818181818182
700,0.21428571428571427,0.029411764705882353,0.40963855421686746,0.06837606837606838
701,0.1978021978021978,0.01834862385321101,0.4074074074074074,0.05434782608695652
702,0.16666666666666666,0.01020408163265306,0.2625,0.03333333333333333
703,0.14130434782608695,0.046296296296296294,0.3368421052631579,0.05714285714285714
704,0.2111111111111111,0.02727272727272727,0.3411764705882353,0.043478260869565216
705,0.16091954022988506,0.017699115044247787,0.37349397590361444,0.05982905982905983
706,0.20652173913043478,0.027777777777777776,0.4421052631578947,0.047619047619047616
707,0.14130434782608695,0.0,0.3300970873786408,0.07216494845360824
708,0.20202020202020202,0.019801980198019802,0.3368421052631579,0.0380952380952381
709,0.21839080459770116,0.008849557522123894,0.358695652173913,0.05555555555555555
710,0.1797752808988764,0.04504504504504504,0.3493975903614458,0.1111111111111111
711,0.14444444444444443,0.045454545454545456,0.3939393939393939,0.039603960396039604
712,0.21348314606741572,0.018018018018018018,0.3402061855670103,0.05825242718446602
713,0.23157894736842105,0.01904761904761905,0.2916666666666667,0.028846153846153848
714,0.21052631578947367,0.011627906976744186,0.2682926829268293,0.05084745762711865
715,0.11494252873563218,0.035398230088495575,0.38823529411764707,0.05217391304347826
716,0.13333333333333333,0.00909090909090909,0.24390243902439024,0.05084745762711865
717,0.12048192771084337,0.03418803418803419,0.36666666666666664,0.1
718,0.2,0.02727272727272727,0.3333333333333333,0.038461538461538464
719,0.22448979591836735,0.06862745098039216,0.25274725274725274,0.06422018348623854
720,0.20454545454545456,0.026785714285714284,0.30434782608695654,0.046296296296296294
721,0.1919191919191919,0.009900990099009901,0.3058823529411765,0.10434782608695652
722,0.15053763440860216,0.056074766355140186,0.2872340425531915,0.04716981132075472
723,0.18478260869565216,0.009259259259259259,0.2413793103448276,0.09734513274336283
724,0.2127659574468085,0.03773584905660377,0.3263157894736842,0.05714285714285714
725,0.1978021978021978,0.027522935779816515,0.32,0.072
726,0.17307692307692307,0.0,0.3157894736842105,0.09523809523809523
727,0.20481927710843373,0.02564102564102564,0.2978723404255319,0.02830188679245283
728,0.17894736842105263,0.0,0.29411764705882354,0.02608695652173913
729,0.18478260869565216,0.018518518518518517,0.3058823529411765,0.10434782608695652
730,0.15584415584415584,0.016260162601626018,0.30303030303030304,0.06930693069306931
731,0.20212765957446807,0.03773584905660377,0.32954545454545453,0.09821428571428571
732,0.17391304347826086,0.037037037037037035,0.30434782608695654,0.06481481481481481
733,0.18691588785046728,0.010752688172043012,0.2631578947368421,0.0761904761904762
734,0.13978494623655913,0.037383177570093455,0.27884615384615385,0.08333333333333333
735,0.12903225806451613,0.056074766355140186,0.3076923076923077,0.07339449541284404
736,0.2087912087912088,0.027522935779816515,0.23232323232323232,0.1485148514851485
737,0.17777777777777778,0.03636363636363636,0.2857142857142857,0.09803921568627451
738,0.2619047619047619,0.05172413793103448,0.32978723404255317,0.05660377358490566
739,0.14,0.04,0.3333333333333333,0.09183673469387756
740,0.22340425531914893,0.018867924528301886,0.24731182795698925,0.09345794392523364
741,0.11904761904761904,0.04310344827586207,0.33980582524271846,0.061855670103092786
742,0.14444444444444443,0.02727272727272727,0.21505376344086022,0.102803738317757
743,0.13592233009708737,0.041237113402061855,0.2621359223300971,0.041237113402061855
744,0.15555555555555556,0.03636363636363636,0.3137254901960784,0.11224489795918367
745,0.15306122448979592,0.0392156862745098,0.32558139534883723,0.09649122807017543
746,0.16483516483516483,0.05504587155963303,0.23711340206185566,0.06796116504854369
747,0.11702127659574468,0.03773584905660377,0.2828282828282828,0.07920792079207921
748,0.16326530612244897,0.0196078431372549,0.1839080459770115,0.09734513274336283
749,0.12941176470588237,0.06086956521739131,0.26851851851851855,0.010869565217391304
750,0.18604651162790697,0.03508771929824561,0.24752475247524752,0.0707070707070707
751,0.1875,0.038461538461538464,0.31868131868131866,0.11009174311926606
752,0.15384615384615385,0.03669724770642202,0.21052631578947367,0.08870967741935484
753,0.21739130434782608,0.046296296296296294,0.19540229885057472,0.07964601769911504
754,0.18446601941747573,0.010309278350515464,0.34615384615384615,0.052083333333333336
755,0.1958762886597938,0.02912621359223301,0.24175824175824176,0.10091743119266056
756,0.19540229885057472,0.035398230088495575,0.3068181818181818,0.07142857142857142
757,0.22429906542056074,0.010752688172043012,0.22772277227722773,0.1414141414141414
758,0.18478260869565216,0.027777777777777776,0.25274725274725274,0.09174311926605505
759,0.09803921568627451,0.061224489795918366,0.3258426966292135,0.06306306306306306
760,0.22429906542056074,0.03225806451612903,0.3125,0.10833333333333334
761,0.1,0.05,0.2222222222222222,0.06930693069306931
762,0.14705882352941177,0.030612244897959183,0.3,0.08
763,0.17525773195876287,0.009708737864077669,0.2553191489361702,0.09433962264150944
764,0.16304347826086957,0.046296296296296294,0.24175824175824176,0.08256880733944955
765,0.16483516483516483,0.045871559633027525,0.38636363636363635,0.125
766,0.1506849315068493,0.015748031496062992,0.32323232323232326,0.12871287128712872
767,0.12,0.05,0.24719101123595505,0.07207207207207207
768,0.16666666666666666,0.045454545454545456,0.325,0.1
769,0.2403846153846154,0.03125,0.3333333333333333,0.0891089108910891
770,0.1111111111111111,0.01818181818181818,0.24468085106382978,0.05660377358490566
771,0.2,0.03636363636363636,0.29213483146067415,0.08108108108108109
772,0.11224489795918367,0.00980392156862745,0.4,0.0761904761904762
773,0.1836734693877551,0.0392156862745098,0.21875,0.08653846153846154
774,0.20833333333333334,0.028846153846153848,0.297029702970297,0.1111111111111111
775,0.16666666666666666,0.028846153846153848,0.4025974025974026,0.07317073170731707
776,0.22580645161290322,0.028037383177570093,0.22826086956521738,0.05555555555555555
777,0.17045454545454544,0.044642857142857144,0.26595744680851063,0.05660377358490566
778,0.20689655172413793,0.04424778761061947,0.3146067415730337,0.11711711711711711
779,0.17525773195876287,0.05825242718446602,0.3225806451612903,0.102803738317757
780,0.22580645161290322,0.018691588785046728,0.3173076923076923,0.09375
781,0.20212765957446807,0.018867924528301886,0.34444444444444444,0.11818181818181818
782,0.11627906976744186,0.02631578947368421,0.2391304347826087,0.1111111111111111
783,0.2604166666666667,0.038461538461538464,0.3125,0.07692307692307693
784,0.2839506172839506,0.025210084033613446,0.30303030303030304,0.0891089108910891
785,0.22784810126582278,0.03305785123966942,0.23655913978494625,0.056074766355140186
786,0.14606741573033707,0.018018018018018018,0.25,0.10185185185185185
787,0.24528301886792453,0.031914893617021274,0.32558139534883723,0.09649122807017543
788,0.1956521739130435,0.009259259259259259,0.3626373626373626,0.10091743119266056
789,0.21782178217821782,0.020202020202020204,0.40860215053763443,0.06542056074766354
790,0.1958762886597938,0.02912621359223301,0.2268041237113402,0.08737864077669903
791,0.1511627906976744,0.008771929824561403,0.22916666666666666,0.09615384615384616
792,0.18478260869565216,0.027777777777777776,0.2631578947368421,0.0967741935483871
793,0.19230769230769232,0.02459016393442623,0.23076923076923078,0.07339449541284404
794,0.17757009345794392,0.021505376344086023,0.25773195876288657,0.038834951456310676
795,0.22772277227722773,0.030303030303030304,0.2736842105263158,0.06666666666666667
796,0.20212765957446807,0.04716981132075472,0.27472527472527475,0.11926605504587157
797,0.25609756097560976,0.025423728813559324,0.30097087378640774,0.030927835051546393
798,0.18556701030927836,0.02912621359223301,0.24242424242424243,0.039603960396039604
799,0.1728395061728395,0.008403361344537815,0.3258426966292135,0.09009009009009009
800,0.2549019607843137,0.030612244897959183,0.32941176470588235,0.02608695652173913
801,0.2127659574468085,0.009433962264150943,0.22,0.07
802,0.17307692307692307,0.03125,0.34615384615384615,0.041666666666666664
803,0.15555555555555556,0.0,0.2111111111111111,0.03636363636363636
804,0.1134020618556701,0.02912621359223301,0.26881720430107525,0.06542056074766354
805,0.20224719101123595,0.02702702702702703,0.30434782608695654,0.06481481481481481
806,0.19540229885057472,0.008849557522123894,0.27358490566037735,0.06382978723404255
807,0.18518518518518517,0.04201680672268908,0.22916666666666666,0.038461538461538464
808,0.15306122448979592,0.0196078431372549,0.2777777777777778,0.03636363636363636
809,0.16981132075471697,0.031914893617021274,0.26804123711340205,0.05825242718446602
810,0.12371134020618557,0.05825242718446602,0.29213483146067415,0.07207207207207207
811,0.18085106382978725,0.02830188679245283,0.29069767441860467,0.09649122807017543
812,0.22641509433962265,0.0,0.2804878048780488,0.0847457627118644
813,0.25609756097560976,0.01694915254237288,0.26136363636363635,0.05357142857142857
814,0.23711340206185566,0.02912621359223301,0.2736842105263158,0.047619047619047616
815,0.17391304347826086,0.018518518518518517,0.2903225806451613,0.11214953271028037
816,0.1827956989247312,0.018691588785046728,0.28125,0.057692307692307696
817,0.15625,0.009615384615384616,0.27472527472527475,0.027522935779816515
818,0.15584415584415584,0.04065040650406504,0.25510204081632654,0.0784313725490196
819,0.17777777777777778,0.01818181818181818,0.2828282828282828,0.04950495049504951
820,0.14772727272727273,0.05357142857142857,0.2631578947368421,0.01904761904761905
821,0.12903225806451613,0.037383177570093455,0.30434782608695654,0.05555555555555555
822,0.19318181818181818,0.0625,0.20238095238095238,0.07758620689655173
823,0.2358490566037736,0.02127659574468085,0.29357798165137616,0.08791208791208792
824,0.23232323232323232,0.039603960396039604,0.3563218390804598,0.07964601769911504
825,0.1625,0.03333333333333333,0.379746835443038,0.01652892561983471
826,0.16494845360824742,0.04854368932038835,0.3258426966292135,0.036036036036036036
827,0.12244897959183673,0.0392156862745098,0.2761904761904762,0.042105263157894736
828,0.1414141414141414,0.019801980198019802,0.26595744680851063,0.05660377358490566
829,0.18181818181818182,0.0594059405940594,0.24444444444444444,0.06363636363636363
830,0.20224719101123595,0.018018018018018018,0.2777777777777778,0.02727272727272727
831,0.15625,0.057692307692307696,0.25,0.052083333333333336
832,0.18604651162790697,0.02631578947368421,0.2777777777777778,0.03636363636363636
833,0.17307692307692307,0.052083333333333336,0.32098765432098764,0.04201680672268908
834,0.23711340206185566,0.009708737864077669,0.3564356435643564,0.030303030303030304
835,0.225,0.03333333333333333,0.2268041237113402,0.05825242718446602
836,0.20833333333333334,0.009615384615384616,0.2978723404255319,0.02830188679245283
837,0.15384615384615385,0.03278688524590164,0.20652173913043478,0.009259259259259259
838,0.15306122448979592,0.0392156862745098,0.3269230769230769,0.07291666666666667
839,0.1368421052631579,0.02857142857142857,0.3118279569892473,0.056074766355140186
840,0.22330097087378642,0.010309278350515464,0.25609756097560976,0.06779661016949153
841,0.20652173913043478,0.027777777777777776,0.3058823529411765,0.0782608695652174
842,0.19,0.04,0.26436781609195403,0.05309734513274336
843,0.1958762886597938,0.019417475728155338,0.27906976744186046,0.05263157894736842
844,0.19607843137254902,0.02040816326530612,0.26595744680851063,0.02830188679245283
845,0.16304347826086957,0.009259259259259259,0.31958762886597936,0.06796116504854369
846,0.19767441860465115,0.05263157894736842,0.34408602150537637,0.04672897196261682
847,0.22727272727272727,0.017857142857142856,0.25,0.06
848,0.2222222222222222,0.009900990099009901,0.2857142857142857,0.05504587155963303
849,0.22448979591836735,0.00980392156862745,0.3,0.03
850,0.16822429906542055,0.010752688172043012,0.28431372549019607,0.061224489795918366
851,0.19387755102040816,0.0392156862745098,0.31868131868131866,0.03669724770642202
852,0.14130434782608695,0.018518518518518517,0.3191489361702128,0.0660377358490566
853,0.19791666666666666,0.019230769230769232,0.29523809523809524,0.042105263157894736
854,0.21839080459770116,0.0,0.3269230769230769,0.09375
855,0.21839080459770116,0.02654867256637168,0.32098765432098764,0.09243697478991597
856,0.2,0.0,0.35106382978723405,0.018867924528301886
857,0.21505376344086022,0.028037383177570093,0.3191489361702128,0.04716981132075472
858,0.1875,0.009615384615384616,0.3108108108108108,0.047619047619047616
859,0.16129032258064516,0.018691588785046728,0.25471698113207547,0.0425531914893617
860,0.25925925925925924,0.01680672268907563,0.25287356321839083,0.04424778761061947
861,0.125,0.009615384615384616,0.3409090909090909,0.03571428571428571
862,0.16346153846153846,0.020833333333333332,0.30526315789473685,0.047619047619047616
863,0.23170731707317074,0.01694915254237288,0.25882352941176473,0.06086956521739131
864,0.14583333333333334,0.0,0.26595744680851063,0.08490566037735849
865,0.20618556701030927,0.038834951456310676,0.24468085106382978,0.05660377358490566
866,0.2553191489361702,0.02830188679245283,0.19540229885057472,0.061946902654867256
867,0.25274725274725274,0.027522935779816515,0.3225806451612903,0.06542056074766354
868,0.13636363636363635,0.017857142857142856,0.3218390804597701,0.05309734513274336
869,0.21212121212121213,0.04477611940298507,0.3404255319148936,0.11320754716981132
870,0.24,0.03,0.27358490566037735,0.06382978723404255
871,0.24242424242424243,0.0297029702970297,0.3258426966292135,0.05405405405405406
872,0.2261904761904762,0.034482758620689655,0.3548387096774194,0.056074766355140186
873,0.19,0.02,0.28888888888888886,0.05454545454545454
874,0.2911392405063291,0.03305785123966942,0.33,0.04
875,0.1839080459770115,0.017699115044247787,0.22826086956521738,0.046296296296296294
876,0.25510204081632654,0.0196078431372549,0.3473684210526316,0.05714285714285714
877,0.23711340206185566,0.02912621359223301,0.3125,0.08653846153846154
878,0.2857142857142857,0.058823529411764705,0.19540229885057472,0.07079646017699115
879,0.14606741573033707,0.0,0.26373626373626374,0.045871559633027525
880,0.20618556701030927,0.019417475728155338,0.29545454545454547,0.03571428571428571
881,0.1686746987951807,0.03418803418803419,0.2872340425531915,0.04716981132075472
882,0.16666666666666666,0.05454545454545454,0.26744186046511625,0.043859649122807015
883,0.19047619047619047,0.010526315789473684,0.2736842105263158,0.047619047619047616
884,0.22340425531914893,0.0,0.25806451612903225,0.009345794392523364
885,0.2619047619047619,0.0,0.3333333333333333,0.037383177570093455
886,0.1619047619047619,0.031578947368421054,0.3584905660377358,0.031914893617021274
887,0.18556701030927836,0.02912621359223301,0.2222222222222222,0.06521739130434782
888,0.15306122448979592,0.0,0.27835051546391754,0.05825242718446602
889,0.2621359223300971,0.010309278350515464,0.32222222222222224,0.08181818181818182
890,0.21839080459770116,0.008849557522123894,0.2403846153846154,0.010416666666666666
891,0.2111111111111111,0.01818181818181818,0.2988505747126437,0.035398230088495575
892,0.23404255319148937,0.009433962264150943,0.16346153846153846,0.020833333333333332
893,0.26595744680851063,0.04716981132075472,0.2903225806451613,0.056074766355140186
894,0.2441860465116279,0.02631578947368421,0.2413793103448276,0.07964601769911504
895,0.25263157894736843,0.0,0.21348314606741572,0.036036036036036036
896,0.17582417582417584,0.009174311926605505,0.21359223300970873,0.010309278350515464
897,0.20408163265306123,0.00980392156862745,0.25882352941176473,0.02608695652173913
898,0.1827956989247312,0.0,0.2976190476190476,0.04310344827586207
899,0.2391304347826087,0.027777777777777776,0.18085106382978725,0.018867924528301886
900,0.18888888888888888,0.01818181818181818,0.3409090909090909,0.0625
901,0.1276595744680851,0.02830188679245283,0.3225806451612903,0.056074766355140186
902,0.27058823529411763,0.017391304347826087,0.25842696629213485,0.02702702702702703
903,0.25773195876288657,0.009708737864077669,0.2653061224489796,0.0392156862745098
904,0.2727272727272727,0.019801980198019802,0.24175824175824176,0.06422018348623854
905,0.23157894736842105,0.01904761904761905,0.2087912087912088,0.03669724770642202
906,0.26804123711340205,0.009708737864077669,0.23711340206185566,0.04854368932038835
907,0.26136363636363635,0.0,0.25252525252525254,0.1188118811881188
908,0.2777777777777778,0.021739130434782608,0.20987654320987653,0.08403361344537816
909,0.22727272727272727,0.008928571428571428,0.22857142857142856,0.042105263157894736
910,0.29896907216494845,0.0,0.21739130434782608,0.07407407407407407
911,0.22580645161290322,0.009345794392523364,0.2828282828282828,0.04950495049504951
912,0.2127659574468085,0.009433962264150943,0.18604651162790697,0.07017543859649122
913,0.28865979381443296,0.009708737864077669,0.23655913978494625,0.04672897196261682
914,0.22448979591836735,0.00980392156862745,0.16037735849056603,0.05319148936170213
915,0.29333333333333333,0.016,0.2903225806451613,0.037383177570093455
916,0.2823529411764706,0.0,0.21739130434782608,0.027777777777777776
917,0.29896907216494845,0.0,0.18292682926829268,0.06779661016949153
918,0.35714285714285715,0.008620689655172414,0.25961538461538464,0.08333333333333333
919,0.30927835051546393,0.0,0.17777777777777778,0.06363636363636363
920,0.2571428571428571,0.021052631578947368,0.2159090909090909,0.0625
921,0.3170731707317073,0.01694915254237288,0.2736842105263158,0.05714285714285714
922,0.28865979381443296,0.019417475728155338,0.3486238532110092,0.054945054945054944
923,0.39325842696629215,0.009009009009009009,0.2727272727272727,0.07920792079207921
924,0.22727272727272727,0.0,0.2647058823529412,0.04081632653061224
925,0.36666666666666664,0.0,0.37681159420289856,0.03816793893129771
926,0.3333333333333333,0.009615384615384616,0.23595505617977527,0.05405405405405406
927,0.28421052631578947,0.0,0.22340425531914893,0.0660377358490566
928,0.27956989247311825,0.018691588785046728,0.23684210526315788,0.08064516129032258
929,0.3425925925925926,0.03260869565217391,0.29591836734693877,0.06862745098039216
930,0.3894736842105263,0.0,0.24074074074074073,0.03260869565217391
931,0.34065934065934067,0.0,0.3063063063063063,0.06741573033707865
932,0.32967032967032966,0.009174311926605505,0.2524271844660194,0.05154639175257732
933,0.26373626373626374,0.009174311926605505,0.25609756097560976,0.06779661016949153
934,0.25555555555555554,0.02727272727272727,0.22826086956521738,0.06481481481481481
935,0.30851063829787234,0.0,0.19,0.03
936,0.3058823529411765,0.0,0.21176470588235294,0.09565217391304348
937,0.3103448275862069,0.0,0.18556701030927836,0.08737864077669903
938,0.3142857142857143,0.0,0.25,0.11538461538461539
939,0.19387755102040816,0.00980392156862745,0.24489795918367346,0.09803921568627451
940,0.3157894736842105,0.0,0.20224719101123595,0.06306306306306306
941,0.33980582524271846,0.0,0.20454545454545456,0.044642857142857144
942,0.2391304347826087,0.009259259259259259,0.23232323232323232,0.07920792079207921
943,0.2872340425531915,0.0,0.1797752808988764,0.0990990990990991
944,0.24489795918367346,0.00980392156862745,0.22826086956521738,0.08333333333333333
945,0.21505376344086022,0.018691588785046728,0.20618556701030927,0.07766990291262135
946,0.20224719101123595,0.009009009009009009,0.24468085106382978,0.05660377358490566
947,0.17894736842105263,0.0,0.14285714285714285,0.0392156862745098
948,0.27906976744186046,0.017543859649122806,0.18,0.05
949,0.23469387755102042,0.029411764705882353,0.1702127659574468,0.05660377358490566
950,0.2604166666666667,0.009615384615384616,0.19047619047619047,0.09482758620689655
951,0.24468085106382978,0.0,0.26,0.06
952,0.17894736842105263,0.0,0.25301204819277107,0.10256410256410256
953,0.1744186046511628,0.008771929824561403,0.18947368421052632,0.0761904761904762
954,0.22826086956521738,0.027777777777777776,0.2268041237113402,0.0970873786407767
955,0.26373626373626374,0.0,0.1702127659574468,0.08490566037735849
956,0.22340425531914893,0.009433962264150943,0.23469387755102042,0.049019607843137254
957,0.18888888888888888,0.0,0.2289156626506024,0.1111111111111111
958,0.2619047619047619,0.008620689655172414,0.16842105263157894,0.08571428571428572
959,0.20212765957446807,0.0,0.15294117647058825,0.11304347826086956
960,0.25287356321839083,0.0,0.16831683168316833,0.06060606060606061
961,0.20833333333333334,0.009615384615384616,0.1782178217821782,0.020202020202020204
962,0.27710843373493976,0.017094017094017096,0.20388349514563106,0.05154639175257732
963,0.21428571428571427,0.0,0.24691358024691357,0.058823529411764705
964,0.22105263157894736,0.01904761904761905,0.26804123711340205,0.02912621359223301
965,0.19101123595505617,0.009009009009009009,0.14444444444444443,0.07272727272727272
966,0.20430107526881722,0.0,0.1724137931034483,0.10619469026548672
967,0.23333333333333334,0.0,0.22105263157894736,0.06666666666666667
968,0.25555555555555554,0.0,0.2222222222222222,0.0891089108910891
969,0.24468085106382978,0.009433962264150943,0.2857142857142857,0.08461538461538462
970,0.1958762886597938,0.009708737864077669,0.21739130434782608,0.05555555555555555
971,0.16666666666666666,0.008620689655172414,0.17708333333333334,0.0673076923076923
972,0.25,0.008064516129032258,0.16842105263157894,0.12380952380952381
973,0.21739130434782608,0.009259259259259259,0.21505376344086022,0.12149532710280374
974,0.20689655172413793,0.017699115044247787,0.23863636363636365,0.08928571428571429
975,0.18867924528301888,0.0,0.17894736842105263,0.09523809523809523
976,0.20618556701030927,0.0,0.2,0.12
977,0.17647058823529413,0.0,0.15730337078651685,0.13513513513513514
978,0.25,0.0,0.20224719101123595,0.12612612612612611
979,0.18478260869565216,0.0,0.22448979591836735,0.11764705882352941
980,0.2608695652173913,0.009259259259259259,0.19047619047619047,0.1368421052631579
981,0.2222222222222222,0.0,0.15789473684210525,0.13333333333333333
982,0.23300970873786409,0.010309278350515464,0.1836734693877551,0.08823529411764706
983,0.3020833333333333,0.009615384615384616,0.13761467889908258,0.04395604395604396
984,0.2247191011235955,0.009009009009009009,0.16129032258064516,0.07476635514018691
985,0.17777777777777778,0.0,0.18947368421052632,0.08571428571428572
986,0.17346938775510204,0.0,0.22340425531914893,0.0660377358490566
987,0.2235294117647059,0.008695652173913044,0.17391304347826086,0.09259259259259259
988,0.17777777777777778,0.00909090909090909,0.24509803921568626,0.05102040816326531
989,0.26595744680851063,0.0,0.13333333333333333,0.14545454545454545
990,0.2391304347826087,0.0,0.24731182795698925,0.08411214953271028
991,0.2872340425531915,0.0,0.13186813186813187,0.12844036697247707
992,0.25806451612903225,0.009345794392523364,0.15789473684210525,0.08571428571428572
993,0.20930232558139536,0.008771929824561403,0.3,0.01818181818181818
994,0.21875,0.009615384615384616,0.28125,0.04807692307692308
995,0.23655913978494625,0.0,0.21428571428571427,0.058823529411764705
996,0.1958762886597938,0.009708737864077669,0.16326530612244897,0.058823529411764705
997,0.2289156626506024,0.0,0.22580645161290322,0.056074766355140186
998,0.26744186046511625,0.0,0.22727272727272727,0.05555555555555555
999,0.20588235294117646,0.01020408163265306,0.23255813953488372,0.07894736842105263
1000,0.22105263157894736,0.009523809523809525,0.17857142857142858,0.08620689655172414
