accuracy,precision,recall,f1,confusion_matrix
0.51,0.5196078431372549,0.5196078431372549,0.5196078431372549,"[[49 49]
 [49 53]]"
0.52,0.5434782608695652,0.4807692307692308,0.5102040816326531,"[[54 42]
 [54 50]]"
0.49,0.5242718446601942,0.5046728971962616,0.5142857142857142,"[[44 49]
 [53 54]]"
0.475,0.55,0.4782608695652174,0.5116279069767442,"[[40 45]
 [60 55]]"
0.46,0.5555555555555556,0.423728813559322,0.4807692307692308,"[[42 40]
 [68 50]]"
0.51,0.5566037735849056,0.5363636363636364,0.5462962962962963,"[[43 47]
 [51 59]]"
0.515,0.5473684210526316,0.49056603773584906,0.5174129353233831,"[[51 43]
 [54 52]]"
0.495,0.5411764705882353,0.42592592592592593,0.47668393782383417,"[[53 39]
 [62 46]]"
0.46,0.4489795918367347,0.4489795918367347,0.4489795918367347,"[[48 54]
 [54 44]]"
0.505,0.5376344086021505,0.4716981132075472,0.5025125628140703,"[[51 43]
 [56 50]]"
0.53,0.5454545454545454,0.47058823529411764,0.5052631578947369,"[[58 40]
 [54 48]]"
0.475,0.45454545454545453,0.5263157894736842,0.4878048780487805,"[[45 60]
 [45 50]]"
0.555,0.6,0.5046728971962616,0.5482233502538071,"[[57 36]
 [53 54]]"
0.49,0.5154639175257731,0.47619047619047616,0.49504950495049505,"[[48 47]
 [55 50]]"
0.52,0.5405405405405406,0.5714285714285714,0.5555555555555556,"[[44 51]
 [45 60]]"
0.52,0.532608695652174,0.4803921568627451,0.5051546391752577,"[[55 43]
 [53 49]]"
0.485,0.5212765957446809,0.45794392523364486,0.48756218905472637,"[[48 45]
 [58 49]]"
0.52,0.59375,0.5,0.5428571428571428,"[[47 39]
 [57 57]]"
0.455,0.5106382978723404,0.43243243243243246,0.4682926829268293,"[[43 46]
 [63 48]]"
0.4,0.44761904761904764,0.43119266055045874,0.4392523364485981,"[[33 58]
 [62 47]]"
0.54,0.5446428571428571,0.5980392156862745,0.5700934579439252,"[[47 51]
 [41 61]]"
0.48,0.5188679245283019,0.5092592592592593,0.514018691588785,"[[41 51]
 [53 55]]"
0.51,0.5137614678899083,0.5544554455445545,0.5333333333333333,"[[46 53]
 [45 56]]"
0.505,0.5495495495495496,0.5545454545454546,0.5520361990950227,"[[40 50]
 [49 61]]"
0.475,0.44339622641509435,0.5053763440860215,0.4723618090452261,"[[48 59]
 [46 47]]"
0.495,0.5181818181818182,0.5428571428571428,0.5302325581395348,"[[42 53]
 [48 57]]"
0.455,0.5272727272727272,0.5043478260869565,0.5155555555555555,"[[33 52]
 [57 58]]"
0.5,0.5181818181818182,0.5480769230769231,0.5327102803738317,"[[43 53]
 [47 57]]"
0.46,0.46534653465346537,0.46534653465346537,0.46534653465346537,"[[45 54]
 [54 47]]"
0.52,0.5333333333333333,0.5436893203883495,0.5384615384615384,"[[48 49]
 [47 56]]"
0.565,0.6907216494845361,0.5403225806451613,0.6063348416289592,"[[46 30]
 [57 67]]"
0.495,0.5106382978723404,0.46601941747572817,0.4873096446700508,"[[51 46]
 [55 48]]"
0.545,0.5892857142857143,0.5945945945945946,0.5919282511210763,"[[43 46]
 [45 66]]"
0.56,0.5247524752475248,0.5698924731182796,0.5463917525773195,"[[59 48]
 [40 53]]"
0.465,0.5514018691588785,0.5,0.5244444444444445,"[[34 48]
 [59 59]]"
0.53,0.5254237288135594,0.62,0.5688073394495413,"[[44 56]
 [38 62]]"
0.48,0.5086206896551724,0.5566037735849056,0.5315315315315315,"[[37 57]
 [47 59]]"
0.495,0.5363636363636364,0.5412844036697247,0.5388127853881278,"[[40 51]
 [50 59]]"
0.52,0.5655737704918032,0.6160714285714286,0.5897435897435898,"[[35 53]
 [43 69]]"
0.53,0.6120689655172413,0.5916666666666667,0.6016949152542372,"[[35 45]
 [49 71]]"
0.585,0.5882352941176471,0.594059405940594,0.5911330049261084,"[[57 42]
 [41 60]]"
0.45,0.4722222222222222,0.49038461538461536,0.4811320754716981,"[[39 57]
 [53 51]]"
0.45,0.46218487394957986,0.5445544554455446,0.5,"[[35 64]
 [46 55]]"
0.52,0.5504587155963303,0.5607476635514018,0.5555555555555556,"[[44 49]
 [47 60]]"
0.51,0.5535714285714286,0.5636363636363636,0.5585585585585585,"[[40 50]
 [48 62]]"
0.49,0.5041322314049587,0.5922330097087378,0.5446428571428571,"[[37 60]
 [42 61]]"
0.505,0.5206611570247934,0.6057692307692307,0.56,"[[38 58]
 [41 63]]"
0.5,0.472,0.6344086021505376,0.5412844036697247,"[[41 66]
 [34 59]]"
0.515,0.5478260869565217,0.5833333333333334,0.5650224215246636,"[[40 52]
 [45 63]]"
0.47,0.49122807017543857,0.5384615384615384,0.5137614678899083,"[[38 58]
 [48 56]]"
0.53,0.5225225225225225,0.5858585858585859,0.5523809523809524,"[[48 53]
 [41 58]]"
0.49,0.5431034482758621,0.5625,0.5526315789473685,"[[35 53]
 [49 63]]"
0.495,0.5087719298245614,0.5631067961165048,0.5345622119815668,"[[41 56]
 [45 58]]"
0.455,0.5163934426229508,0.5575221238938053,0.5361702127659574,"[[28 59]
 [50 63]]"
0.54,0.5641025641025641,0.616822429906542,0.5892857142857143,"[[42 51]
 [41 66]]"
0.535,0.5245901639344263,0.6464646464646465,0.579185520361991,"[[43 58]
 [35 64]]"
0.51,0.5725190839694656,0.6410256410256411,0.6048387096774194,"[[27 56]
 [42 75]]"
0.535,0.5590551181102362,0.6574074074074074,0.6042553191489362,"[[36 56]
 [37 71]]"
0.5,0.5217391304347826,0.5714285714285714,0.5454545454545454,"[[40 55]
 [45 60]]"
0.5,0.532258064516129,0.6111111111111112,0.5689655172413793,"[[34 58]
 [42 66]]"
0.545,0.549618320610687,0.6923076923076923,0.6127659574468085,"[[37 59]
 [32 72]]"
0.455,0.4806201550387597,0.5961538461538461,0.5321888412017167,"[[29 67]
 [42 62]]"
0.535,0.5669291338582677,0.6545454545454545,0.6075949367088608,"[[35 55]
 [38 72]]"
0.475,0.48507462686567165,0.6435643564356436,0.5531914893617021,"[[30 69]
 [36 65]]"
0.465,0.5047619047619047,0.49074074074074076,0.49765258215962443,"[[40 52]
 [55 53]]"
0.48,0.5434782608695652,0.646551724137931,0.5905511811023622,"[[21 63]
 [41 75]]"
0.515,0.568,0.6228070175438597,0.5941422594142259,"[[32 54]
 [43 71]]"
0.465,0.5206611570247934,0.5625,0.5407725321888412,"[[30 58]
 [49 63]]"
0.505,0.4918032786885246,0.6185567010309279,0.547945205479452,"[[41 62]
 [37 60]]"
0.485,0.528,0.6,0.5617021276595745,"[[31 59]
 [44 66]]"
0.525,0.5546875,0.6513761467889908,0.5991561181434599,"[[34 57]
 [38 71]]"
0.465,0.44696969696969696,0.6344086021505376,0.5244444444444445,"[[34 73]
 [34 59]]"
0.525,0.5467625899280576,0.7037037037037037,0.6153846153846154,"[[29 63]
 [32 76]]"
0.47,0.4491525423728814,0.5638297872340425,0.5,"[[41 65]
 [41 53]]"
0.485,0.5,0.6213592233009708,0.5541125541125541,"[[33 64]
 [39 64]]"
0.495,0.5111111111111111,0.6634615384615384,0.5774058577405857,"[[30 66]
 [35 69]]"
0.46,0.4580152671755725,0.6185567010309279,0.5263157894736842,"[[32 71]
 [37 60]]"
0.505,0.5378787878787878,0.6513761467889908,0.5892116182572614,"[[30 61]
 [38 71]]"
0.495,0.5076923076923077,0.6407766990291263,0.5665236051502146,"[[33 64]
 [37 66]]"
0.45,0.4461538461538462,0.6041666666666666,0.5132743362831859,"[[32 72]
 [38 58]]"
0.555,0.5625,0.7570093457943925,0.6454183266932271,"[[30 63]
 [26 81]]"
0.505,0.5,0.7272727272727273,0.5925925925925926,"[[29 72]
 [27 72]]"
0.53,0.592,0.6324786324786325,0.6115702479338843,"[[32 51]
 [43 74]]"
0.555,0.5481481481481482,0.7254901960784313,0.6244725738396625,"[[37 61]
 [28 74]]"
0.58,0.6214285714285714,0.7372881355932204,0.6744186046511628,"[[29 53]
 [31 87]]"
0.525,0.5289855072463768,0.7087378640776699,0.6058091286307054,"[[32 65]
 [30 73]]"
0.49,0.48091603053435117,0.6494845360824743,0.5526315789473685,"[[35 68]
 [34 63]]"
0.515,0.5267175572519084,0.6634615384615384,0.5872340425531914,"[[34 62]
 [35 69]]"
0.48,0.4748201438848921,0.6804123711340206,0.559322033898305,"[[30 73]
 [31 66]]"
0.495,0.4689655172413793,0.7391304347826086,0.5738396624472574,"[[31 77]
 [24 68]]"
0.52,0.524822695035461,0.7184466019417476,0.6065573770491803,"[[30 67]
 [29 74]]"
0.55,0.572463768115942,0.7181818181818181,0.6370967741935484,"[[31 59]
 [31 79]]"
0.565,0.5434782608695652,0.7575757575757576,0.6329113924050633,"[[38 63]
 [24 75]]"
0.495,0.5586206896551724,0.6864406779661016,0.6159695817490495,"[[18 64]
 [37 81]]"
0.51,0.5241379310344828,0.7238095238095238,0.608,"[[26 69]
 [29 76]]"
0.515,0.5298013245033113,0.7547169811320755,0.622568093385214,"[[23 71]
 [26 80]]"
0.49,0.5140845070422535,0.6886792452830188,0.5887096774193549,"[[25 69]
 [33 73]]"
0.545,0.55,0.7333333333333333,0.6285714285714286,"[[32 63]
 [28 77]]"
0.53,0.5347222222222222,0.7403846153846154,0.6209677419354839,"[[29 67]
 [27 77]]"
0.525,0.5390070921985816,0.7169811320754716,0.6153846153846154,"[[29 65]
 [30 76]]"
0.5,0.524822695035461,0.6915887850467289,0.5967741935483871,"[[26 67]
 [33 74]]"
0.465,0.46405228758169936,0.7395833333333334,0.570281124497992,"[[22 82]
 [25 71]]"
0.52,0.5289855072463768,0.7019230769230769,0.6033057851239669,"[[31 65]
 [31 73]]"
0.515,0.5379310344827586,0.7222222222222222,0.616600790513834,"[[25 67]
 [30 78]]"
0.55,0.5723270440251572,0.8053097345132744,0.6691176470588235,"[[19 68]
 [22 91]]"
0.485,0.5142857142857142,0.6728971962616822,0.582995951417004,"[[25 68]
 [35 72]]"
0.545,0.5510204081632653,0.7641509433962265,0.6403162055335968,"[[28 66]
 [25 81]]"
0.485,0.4966887417218543,0.7352941176470589,0.5928853754940712,"[[22 76]
 [27 75]]"
0.49,0.49375,0.79,0.6076923076923076,"[[19 81]
 [21 79]]"
0.57,0.5434782608695652,0.7653061224489796,0.635593220338983,"[[39 63]
 [23 75]]"
0.495,0.4928571428571429,0.696969696969697,0.5774058577405857,"[[30 71]
 [30 69]]"
0.53,0.5241379310344828,0.7524752475247525,0.6178861788617886,"[[30 69]
 [25 76]]"
0.485,0.5193798449612403,0.6203703703703703,0.5654008438818565,"[[30 62]
 [41 67]]"
0.535,0.5241379310344828,0.76,0.6204081632653061,"[[31 69]
 [24 76]]"
0.54,0.5298013245033113,0.7920792079207921,0.6349206349206349,"[[28 71]
 [21 80]]"
0.61,0.6308724832214765,0.8034188034188035,0.706766917293233,"[[28 55]
 [23 94]]"
0.545,0.5894039735099338,0.7542372881355932,0.6617100371747212,"[[20 62]
 [29 89]]"
0.485,0.4966442953020134,0.7254901960784313,0.5896414342629482,"[[23 75]
 [28 74]]"
0.55,0.5390070921985816,0.7524752475247525,0.628099173553719,"[[34 65]
 [25 76]]"
0.54,0.5483870967741935,0.794392523364486,0.648854961832061,"[[23 70]
 [22 85]]"
0.545,0.535483870967742,0.8137254901960784,0.6459143968871596,"[[26 72]
 [19 83]]"
0.54,0.5486111111111112,0.7452830188679245,0.632,"[[29 65]
 [27 79]]"
0.575,0.6148648648648649,0.7647058823529411,0.6816479400749064,"[[24 57]
 [28 91]]"
0.57,0.5751633986928104,0.8073394495412844,0.6717557251908397,"[[26 65]
 [21 88]]"
0.465,0.49645390070921985,0.660377358490566,0.5668016194331984,"[[23 71]
 [36 70]]"
0.535,0.5352112676056338,0.7378640776699029,0.6204081632653061,"[[31 66]
 [27 76]]"
0.565,0.5510204081632653,0.7941176470588235,0.6506024096385542,"[[32 66]
 [21 81]]"
0.54,0.6142857142857143,0.6935483870967742,0.6515151515151515,"[[22 54]
 [38 86]]"
0.52,0.5522388059701493,0.6727272727272727,0.6065573770491803,"[[30 60]
 [36 74]]"
0.525,0.5070422535211268,0.7422680412371134,0.602510460251046,"[[33 70]
 [25 72]]"
0.535,0.5578231292517006,0.7454545454545455,0.6381322957198443,"[[25 65]
 [28 82]]"
0.625,0.6451612903225806,0.8333333333333334,0.7272727272727273,"[[ 25  55]
 [ 20 100]]"
0.51,0.5434782608695652,0.6818181818181818,0.6048387096774194,"[[27 63]
 [35 75]]"
0.505,0.4966442953020134,0.7551020408163265,0.5991902834008097,"[[27 75]
 [24 74]]"
0.49,0.4896551724137931,0.7171717171717171,0.5819672131147541,"[[27 74]
 [28 71]]"
0.56,0.618421052631579,0.7580645161290323,0.6811594202898551,"[[18 58]
 [30 94]]"
0.525,0.5454545454545454,0.7222222222222222,0.6215139442231076,"[[27 65]
 [30 78]]"
0.56,0.6223776223776224,0.7235772357723578,0.6691729323308271,"[[23 54]
 [34 89]]"
0.515,0.541095890410959,0.7247706422018348,0.6196078431372549,"[[24 67]
 [30 79]]"
0.5,0.5093167701863354,0.7961165048543689,0.6212121212121212,"[[18 79]
 [21 82]]"
0.51,0.49640287769784175,0.711340206185567,0.5847457627118644,"[[33 70]
 [28 69]]"
0.55,0.5620915032679739,0.7889908256880734,0.6564885496183206,"[[24 67]
 [23 86]]"
0.605,0.6577181208053692,0.7777777777777778,0.7127272727272728,"[[23 51]
 [28 98]]"
0.53,0.5135135135135135,0.7755102040816326,0.6178861788617886,"[[30 72]
 [22 76]]"
0.52,0.5290322580645161,0.780952380952381,0.6307692307692307,"[[22 73]
 [23 82]]"
0.49,0.5170068027210885,0.7102803738317757,0.5984251968503937,"[[22 71]
 [31 76]]"
0.525,0.5454545454545454,0.7706422018348624,0.6387832699619772,"[[21 70]
 [25 84]]"
0.545,0.5503355704697986,0.7735849056603774,0.6431372549019608,"[[27 67]
 [24 82]]"
0.575,0.5771812080536913,0.7962962962962963,0.669260700389105,"[[29 63]
 [22 86]]"
0.515,0.5547945205479452,0.7168141592920354,0.6254826254826255,"[[22 65]
 [32 81]]"
0.54,0.5761589403973509,0.7565217391304347,0.6541353383458647,"[[21 64]
 [28 87]]"
0.515,0.5238095238095238,0.7403846153846154,0.6135458167330677,"[[26 70]
 [27 77]]"
0.55,0.5882352941176471,0.7692307692307693,0.6666666666666666,"[[20 63]
 [27 90]]"
0.56,0.6013071895424836,0.773109243697479,0.6764705882352942,"[[20 61]
 [27 92]]"
0.535,0.5337837837837838,0.7669902912621359,0.6294820717131474,"[[28 69]
 [24 79]]"
0.53,0.52,0.78,0.624,"[[28 72]
 [22 78]]"
0.605,0.5906040268456376,0.8301886792452831,0.6901960784313725,"[[33 61]
 [18 88]]"
0.55,0.5704697986577181,0.7657657657657657,0.6538461538461539,"[[25 64]
 [26 85]]"
0.555,0.5547945205479452,0.7714285714285715,0.6454183266932271,"[[30 65]
 [24 81]]"
0.57,0.567741935483871,0.822429906542056,0.6717557251908397,"[[26 67]
 [19 88]]"
0.55,0.5369127516778524,0.7920792079207921,0.64,"[[30 69]
 [21 80]]"
0.55,0.5460992907801419,0.7475728155339806,0.6311475409836066,"[[33 64]
 [26 77]]"
0.655,0.6424242424242425,0.9137931034482759,0.7544483985765125,"[[ 25  59]
 [ 10 106]]"
0.495,0.5066666666666667,0.7378640776699029,0.6007905138339921,"[[23 74]
 [27 76]]"
0.56,0.5632911392405063,0.8240740740740741,0.6691729323308271,"[[23 69]
 [19 89]]"
0.565,0.5886075949367089,0.808695652173913,0.6813186813186813,"[[20 65]
 [22 93]]"
0.55,0.5424836601307189,0.8058252427184466,0.6484375,"[[27 70]
 [20 83]]"
0.525,0.5061728395061729,0.845360824742268,0.6332046332046332,"[[23 80]
 [15 82]]"
0.53,0.5133333333333333,0.7857142857142857,0.6209677419354839,"[[29 73]
 [21 77]]"
0.6,0.5886075949367089,0.8611111111111112,0.6992481203007519,"[[27 65]
 [15 93]]"
0.585,0.5987261146496815,0.8245614035087719,0.6937269372693727,"[[23 63]
 [20 94]]"
0.465,0.47368421052631576,0.7272727272727273,0.5737051792828686,"[[21 80]
 [27 72]]"
0.545,0.5506329113924051,0.8130841121495327,0.6566037735849056,"[[22 71]
 [20 87]]"
0.535,0.5806451612903226,0.7627118644067796,0.6593406593406593,"[[17 65]
 [28 90]]"
0.485,0.47530864197530864,0.8105263157894737,0.5992217898832685,"[[20 85]
 [18 77]]"
0.605,0.6133333333333333,0.8141592920353983,0.6996197718631179,"[[29 58]
 [21 92]]"
0.545,0.5771812080536913,0.7543859649122807,0.6539923954372624,"[[23 63]
 [28 86]]"
0.52,0.5095541401273885,0.8080808080808081,0.625,"[[24 77]
 [19 80]]"
0.545,0.5487804878048781,0.8411214953271028,0.6642066420664207,"[[19 74]
 [17 90]]"
0.535,0.5329341317365269,0.8557692307692307,0.6568265682656826,"[[18 78]
 [15 89]]"
0.575,0.5394736842105263,0.845360824742268,0.6586345381526104,"[[33 70]
 [15 82]]"
0.59,0.5757575757575758,0.8878504672897196,0.6985294117647058,"[[23 70]
 [12 95]]"
0.58,0.5723270440251572,0.8504672897196262,0.6842105263157895,"[[25 68]
 [16 91]]"
0.54,0.50625,0.8617021276595744,0.6377952755905512,"[[27 79]
 [13 81]]"
0.565,0.5483870967741935,0.8333333333333334,0.6614785992217899,"[[28 70]
 [17 85]]"
0.58,0.5950920245398773,0.8434782608695652,0.697841726618705,"[[19 66]
 [18 97]]"
0.545,0.5487804878048781,0.8411214953271028,0.6642066420664207,"[[19 74]
 [17 90]]"
0.55,0.54375,0.8365384615384616,0.6590909090909091,"[[23 73]
 [17 87]]"
0.565,0.5277777777777778,0.8,0.6359832635983264,"[[37 68]
 [19 76]]"
0.545,0.5308641975308642,0.8514851485148515,0.6539923954372624,"[[23 76]
 [15 86]]"
0.595,0.6153846153846154,0.8205128205128205,0.7032967032967034,"[[23 60]
 [21 96]]"
0.575,0.6,0.8205128205128205,0.6931407942238267,"[[19 64]
 [21 96]]"
0.505,0.48,0.7741935483870968,0.5925925925925926,"[[29 78]
 [21 72]]"
0.545,0.5987261146496815,0.7704918032786885,0.6738351254480287,"[[15 63]
 [28 94]]"
0.575,0.5947712418300654,0.7982456140350878,0.6816479400749064,"[[24 62]
 [23 91]]"
0.565,0.5878787878787879,0.8362068965517241,0.6903914590747331,"[[16 68]
 [19 97]]"
0.49,0.49375,0.79,0.6076923076923076,"[[19 81]
 [21 79]]"
0.55,0.5605095541401274,0.8073394495412844,0.6616541353383458,"[[22 69]
 [21 88]]"
0.615,0.6217948717948718,0.8434782608695652,0.7158671586715867,"[[26 59]
 [18 97]]"
0.585,0.5909090909090909,0.8198198198198198,0.6867924528301886,"[[26 63]
 [20 91]]"
0.555,0.5555555555555556,0.8796296296296297,0.6810035842293907,"[[16 76]
 [13 95]]"
0.535,0.5,0.8709677419354839,0.6352941176470588,"[[26 81]
 [12 81]]"
0.61,0.6049382716049383,0.875,0.7153284671532847,"[[24 64]
 [14 98]]"
0.62,0.6234567901234568,0.8706896551724138,0.7266187050359713,"[[ 23  61]
 [ 15 101]]"
0.615,0.5894039735099338,0.8557692307692307,0.6980392156862745,"[[34 62]
 [15 89]]"
0.54,0.5751633986928104,0.7652173913043478,0.6567164179104478,"[[20 65]
 [27 88]]"
0.62,0.6064516129032258,0.8623853211009175,0.7121212121212122,"[[30 61]
 [15 94]]"
0.51,0.5032679738562091,0.7777777777777778,0.6111111111111112,"[[25 76]
 [22 77]]"
0.63,0.6047904191616766,0.926605504587156,0.7318840579710145,"[[ 25  66]
 [  8 101]]"
0.595,0.5769230769230769,0.8571428571428571,0.6896551724137931,"[[29 66]
 [15 90]]"
0.575,0.5892857142857143,0.8608695652173913,0.6996466431095406,"[[16 69]
 [16 99]]"
0.65,0.6494252873563219,0.9262295081967213,0.7635135135135135,"[[ 17  61]
 [  9 113]]"
0.53,0.5229885057471264,0.8921568627450981,0.6594202898550725,"[[15 83]
 [11 91]]"
0.585,0.5853658536585366,0.8648648648648649,0.6981818181818182,"[[21 68]
 [15 96]]"
0.53,0.5454545454545454,0.8256880733944955,0.656934306569343,"[[16 75]
 [19 90]]"
0.575,0.5481927710843374,0.900990099009901,0.6816479400749064,"[[24 75]
 [10 91]]"
0.56,0.5555555555555556,0.8490566037735849,0.6716417910447762,"[[22 72]
 [16 90]]"
0.525,0.519774011299435,0.9019607843137255,0.6594982078853047,"[[13 85]
 [10 92]]"
0.525,0.524390243902439,0.8349514563106796,0.6441947565543071,"[[19 78]
 [17 86]]"
0.55,0.536723163841808,0.9223300970873787,0.6785714285714286,"[[15 82]
 [ 8 95]]"
0.58,0.5789473684210527,0.8918918918918919,0.7021276595744681,"[[17 72]
 [12 99]]"
0.575,0.585635359116022,0.9137931034482759,0.7138047138047138,"[[  9  75]
 [ 10 106]]"
0.575,0.5636363636363636,0.8773584905660378,0.6863468634686347,"[[22 72]
 [13 93]]"
0.58,0.562874251497006,0.8952380952380953,0.6911764705882353,"[[22 73]
 [11 94]]"
0.585,0.6081871345029239,0.8666666666666667,0.7147766323024055,"[[ 13  67]
 [ 16 104]]"
0.565,0.572289156626506,0.8558558558558559,0.6859205776173285,"[[18 71]
 [16 95]]"
0.555,0.5471698113207547,0.8365384615384616,0.6615969581749049,"[[24 72]
 [17 87]]"
0.625,0.6153846153846154,0.9122807017543859,0.734982332155477,"[[ 21  65]
 [ 10 104]]"
0.57,0.576271186440678,0.9026548672566371,0.7034482758620689,"[[ 12  75]
 [ 11 102]]"
0.595,0.6,0.868421052631579,0.7096774193548387,"[[20 66]
 [15 99]]"
0.595,0.5757575757575758,0.8962264150943396,0.7011070110701108,"[[24 70]
 [11 95]]"
0.59,0.5847953216374269,0.9009009009009009,0.7092198581560284,"[[ 18  71]
 [ 11 100]]"
0.55,0.5465116279069767,0.8867924528301887,0.6762589928057554,"[[16 78]
 [12 94]]"
0.55,0.5393939393939394,0.8640776699029126,0.664179104477612,"[[21 76]
 [14 89]]"
0.645,0.6190476190476191,0.9369369369369369,0.7455197132616488,"[[ 25  64]
 [  7 104]]"
0.6,0.5740740740740741,0.8942307692307693,0.6992481203007519,"[[27 69]
 [11 93]]"
0.575,0.5416666666666666,0.9191919191919192,0.6816479400749064,"[[24 77]
 [ 8 91]]"
0.625,0.6242424242424243,0.8879310344827587,0.7330960854092526,"[[ 22  62]
 [ 13 103]]"
0.585,0.5823529411764706,0.8918918918918919,0.7046263345195729,"[[18 71]
 [12 99]]"
0.57,0.56,0.9158878504672897,0.6950354609929078,"[[16 77]
 [ 9 98]]"
0.5,0.515527950310559,0.7904761904761904,0.6240601503759399,"[[17 78]
 [22 83]]"
0.62,0.6390532544378699,0.8780487804878049,0.7397260273972602,"[[ 16  61]
 [ 15 108]]"
0.585,0.5562130177514792,0.9215686274509803,0.6937269372693727,"[[23 75]
 [ 8 94]]"
0.61,0.6011904761904762,0.9017857142857143,0.7214285714285714,"[[ 21  67]
 [ 11 101]]"
0.59,0.5764705882352941,0.9074074074074074,0.7050359712230215,"[[20 72]
 [10 98]]"
0.6,0.6167664670658682,0.865546218487395,0.7202797202797203,"[[ 17  64]
 [ 16 103]]"
0.63,0.6086956521739131,0.8990825688073395,0.725925925925926,"[[28 63]
 [11 98]]"
0.67,0.6606060606060606,0.9159663865546218,0.7676056338028169,"[[ 25  56]
 [ 10 109]]"
0.56,0.5748502994011976,0.8495575221238938,0.6857142857142857,"[[16 71]
 [17 96]]"
0.58,0.5823529411764706,0.8839285714285714,0.7021276595744681,"[[17 71]
 [13 99]]"
0.595,0.5952380952380952,0.8849557522123894,0.7117437722419929,"[[ 19  68]
 [ 13 100]]"
0.555,0.5310734463276836,0.94,0.6787003610108303,"[[17 83]
 [ 6 94]]"
0.61,0.5783132530120482,0.9230769230769231,0.7111111111111111,"[[26 70]
 [ 8 96]]"
0.57,0.5329341317365269,0.9175257731958762,0.6742424242424242,"[[25 78]
 [ 8 89]]"
0.58,0.5581395348837209,0.9230769230769231,0.6956521739130435,"[[20 76]
 [ 8 96]]"
0.55,0.5209580838323353,0.8969072164948454,0.6590909090909091,"[[23 80]
 [10 87]]"
0.555,0.558282208588957,0.8425925925925926,0.6715867158671587,"[[20 72]
 [17 91]]"
0.555,0.5493827160493827,0.8476190476190476,0.6666666666666666,"[[22 73]
 [16 89]]"
0.57,0.5561797752808989,0.9339622641509434,0.6971830985915493,"[[15 79]
 [ 7 99]]"
0.615,0.5813953488372093,0.9523809523809523,0.7220216606498195,"[[ 23  72]
 [  5 100]]"
0.555,0.5394736842105263,0.8118811881188119,0.6482213438735178,"[[29 70]
 [19 82]]"
0.555,0.5325443786982249,0.9,0.6691449814126395,"[[21 79]
 [10 90]]"
0.55,0.5459770114942529,0.8962264150943396,0.6785714285714286,"[[15 79]
 [11 95]]"
0.555,0.5480225988700564,0.9150943396226415,0.6855123674911661,"[[14 80]
 [ 9 97]]"
0.585,0.5549132947976878,0.9411764705882353,0.6981818181818182,"[[21 77]
 [ 6 96]]"
0.545,0.5314285714285715,0.9117647058823529,0.6714801444043321,"[[16 82]
 [ 9 93]]"
0.59,0.5777777777777777,0.9454545454545454,0.7172413793103448,"[[ 14  76]
 [  6 104]]"
0.635,0.6181818181818182,0.9107142857142857,0.7364620938628159,"[[ 25  63]
 [ 10 102]]"
0.61,0.5953757225433526,0.9279279279279279,0.7253521126760564,"[[ 19  70]
 [  8 103]]"
0.55,0.5502958579881657,0.8691588785046729,0.6739130434782609,"[[17 76]
 [14 93]]"
0.515,0.48484848484848486,0.8695652173913043,0.622568093385214,"[[23 85]
 [12 80]]"
0.57,0.56,0.9158878504672897,0.6950354609929078,"[[16 77]
 [ 9 98]]"
0.58,0.5521472392638037,0.8910891089108911,0.6818181818181818,"[[26 73]
 [11 90]]"
0.58,0.5697674418604651,0.9074074074074074,0.7,"[[18 74]
 [10 98]]"
0.58,0.5730994152046783,0.8990825688073395,0.7,"[[18 73]
 [11 98]]"
0.58,0.5847953216374269,0.8849557522123894,0.704225352112676,"[[ 16  71]
 [ 13 100]]"
0.565,0.5476190476190477,0.8932038834951457,0.6789667896678967,"[[21 76]
 [11 92]]"
0.59,0.5885714285714285,0.911504424778761,0.7152777777777778,"[[ 15  72]
 [ 10 103]]"
0.58,0.593939393939394,0.8521739130434782,0.7,"[[18 67]
 [17 98]]"
0.61,0.5988372093023255,0.9196428571428571,0.7253521126760564,"[[ 19  69]
 [  9 103]]"
0.585,0.5739644970414202,0.8981481481481481,0.7003610108303249,"[[20 72]
 [11 97]]"
0.55,0.5365853658536586,0.8627450980392157,0.6616541353383458,"[[22 76]
 [14 88]]"
0.635,0.6149425287356322,0.9469026548672567,0.7456445993031359,"[[ 20  67]
 [  6 107]]"
0.565,0.5460122699386503,0.8725490196078431,0.6716981132075471,"[[24 74]
 [13 89]]"
0.545,0.5209580838323353,0.8877551020408163,0.6566037735849056,"[[22 80]
 [11 87]]"
0.525,0.49101796407185627,0.8913043478260869,0.6332046332046332,"[[23 85]
 [10 82]]"
0.545,0.5449101796407185,0.8584905660377359,0.6666666666666666,"[[18 76]
 [15 91]]"
0.615,0.5987654320987654,0.8899082568807339,0.7158671586715867,"[[26 65]
 [12 97]]"
0.565,0.5508982035928144,0.8846153846153846,0.6789667896678967,"[[21 75]
 [12 92]]"
0.615,0.5857988165680473,0.9339622641509434,0.72,"[[24 70]
 [ 7 99]]"
0.62,0.6071428571428571,0.9107142857142857,0.7285714285714285,"[[ 22  66]
 [ 10 102]]"
0.53,0.5379746835443038,0.8018867924528302,0.6439393939393939,"[[21 73]
 [21 85]]"
0.585,0.5602409638554217,0.9029126213592233,0.6914498141263941,"[[24 73]
 [10 93]]"
0.685,0.6867469879518072,0.912,0.7835051546391752,"[[ 23  52]
 [ 11 114]]"
0.585,0.5688622754491018,0.8962264150943396,0.6959706959706959,"[[22 72]
 [11 95]]"
0.53,0.5114942528735632,0.9081632653061225,0.6544117647058824,"[[17 85]
 [ 9 89]]"
0.545,0.5235294117647059,0.898989898989899,0.6617100371747212,"[[20 81]
 [10 89]]"
0.635,0.6337209302325582,0.9159663865546218,0.7491408934707904,"[[ 18  63]
 [ 10 109]]"
0.625,0.625,0.8974358974358975,0.7368421052631579,"[[ 20  63]
 [ 12 105]]"
0.63,0.6257309941520468,0.9145299145299145,0.7430555555555556,"[[ 19  64]
 [ 10 107]]"
0.525,0.5031847133757962,0.8229166666666666,0.6245059288537549,"[[26 78]
 [17 79]]"
0.59,0.5636363636363636,0.9029126213592233,0.6940298507462687,"[[25 72]
 [10 93]]"
0.62,0.6073619631901841,0.8918918918918919,0.7226277372262774,"[[25 64]
 [12 99]]"
0.505,0.4878048780487805,0.8421052631578947,0.6177606177606177,"[[21 84]
 [15 80]]"
0.555,0.5,0.9213483146067416,0.6482213438735178,"[[29 82]
 [ 7 82]]"
0.55,0.5220125786163522,0.8556701030927835,0.6484375,"[[27 76]
 [14 83]]"
0.605,0.5857988165680473,0.9166666666666666,0.7148014440433214,"[[22 70]
 [ 9 99]]"
0.595,0.573170731707317,0.8952380952380953,0.6988847583643123,"[[25 70]
 [11 94]]"
0.56,0.5185185185185185,0.8936170212765957,0.65625,"[[28 78]
 [10 84]]"
0.57,0.5670731707317073,0.8611111111111112,0.6838235294117647,"[[21 71]
 [15 93]]"
0.52,0.5174418604651163,0.8725490196078431,0.6496350364963503,"[[15 83]
 [13 89]]"
0.58,0.5652173913043478,0.8666666666666667,0.6842105263157895,"[[25 70]
 [14 91]]"
0.605,0.5925925925925926,0.8807339449541285,0.7084870848708487,"[[25 66]
 [13 96]]"
0.595,0.569060773480663,0.9716981132075472,0.7177700348432056,"[[ 16  78]
 [  3 103]]"
0.57,0.5333333333333333,0.9072164948453608,0.6717557251908397,"[[26 77]
 [ 9 88]]"
0.56,0.5316455696202531,0.8571428571428571,0.65625,"[[28 74]
 [14 84]]"
0.62,0.6114285714285714,0.9304347826086956,0.7379310344827587,"[[ 17  68]
 [  8 107]]"
0.63,0.6134969325153374,0.9009009009009009,0.7299270072992701,"[[ 26  63]
 [ 11 100]]"
0.585,0.5714285714285714,0.897196261682243,0.6981818181818182,"[[21 72]
 [11 96]]"
0.6,0.5914634146341463,0.8818181818181818,0.708029197080292,"[[23 67]
 [13 97]]"
0.625,0.6226415094339622,0.868421052631579,0.7252747252747253,"[[26 60]
 [15 99]]"
0.585,0.5764705882352941,0.8990825688073395,0.7025089605734767,"[[19 72]
 [11 98]]"
0.58,0.5764705882352941,0.8909090909090909,0.7,"[[18 72]
 [12 98]]"
0.61,0.5941176470588235,0.9181818181818182,0.7214285714285714,"[[ 21  69]
 [  9 101]]"
0.545,0.5061728395061729,0.8817204301075269,0.6431372549019608,"[[27 80]
 [11 82]]"
0.56,0.5443037974683544,0.8431372549019608,0.6615384615384615,"[[26 72]
 [16 86]]"
0.6,0.5842696629213483,0.9454545454545454,0.7222222222222222,"[[ 16  74]
 [  6 104]]"
0.62,0.6235294117647059,0.8983050847457628,0.7361111111111112,"[[ 18  64]
 [ 12 106]]"
0.595,0.576271186440678,0.9444444444444444,0.7157894736842105,"[[ 17  75]
 [  6 102]]"
0.6,0.6049382716049383,0.8596491228070176,0.7101449275362319,"[[22 64]
 [16 98]]"
0.56,0.5212121212121212,0.9052631578947369,0.6615384615384615,"[[26 79]
 [ 9 86]]"
0.6,0.5952380952380952,0.8928571428571429,0.7142857142857143,"[[ 20  68]
 [ 12 100]]"
0.595,0.5771428571428572,0.9351851851851852,0.7137809187279152,"[[ 18  74]
 [  7 101]]"
0.575,0.5220125786163522,0.9021739130434783,0.6613545816733067,"[[32 76]
 [ 9 83]]"
0.54,0.5119047619047619,0.8958333333333334,0.6515151515151515,"[[22 82]
 [10 86]]"
0.59,0.5652173913043478,0.883495145631068,0.6893939393939394,"[[27 70]
 [12 91]]"
0.565,0.5491329479768786,0.9134615384615384,0.6859205776173285,"[[18 78]
 [ 9 95]]"
0.65,0.630057803468208,0.9478260869565217,0.7569444444444444,"[[ 21  64]
 [  6 109]]"
0.585,0.5755813953488372,0.908256880733945,0.7046263345195729,"[[18 73]
 [10 99]]"
0.645,0.6325301204819277,0.9130434782608695,0.7473309608540926,"[[ 24  61]
 [ 10 105]]"
0.68,0.6625,0.9137931034482759,0.7681159420289855,"[[ 30  54]
 [ 10 106]]"
0.62,0.5644171779141104,0.9484536082474226,0.7076923076923077,"[[32 71]
 [ 5 92]]"
0.59,0.5783132530120482,0.8888888888888888,0.7007299270072993,"[[22 70]
 [12 96]]"
0.63,0.6057142857142858,0.954954954954955,0.7412587412587412,"[[ 20  69]
 [  5 106]]"
0.57,0.5502958579881657,0.9029126213592233,0.6838235294117647,"[[21 76]
 [10 93]]"
0.575,0.5614035087719298,0.9056603773584906,0.6931407942238267,"[[19 75]
 [10 96]]"
0.64,0.6368715083798883,0.9421487603305785,0.76,"[[ 14  65]
 [  7 114]]"
0.635,0.6242774566473989,0.9310344827586207,0.7474048442906575,"[[ 19  65]
 [  8 108]]"
0.61,0.5906432748538012,0.926605504587156,0.7214285714285714,"[[ 21  70]
 [  8 101]]"
0.615,0.5783132530120482,0.9320388349514563,0.7137546468401487,"[[27 70]
 [ 7 96]]"
0.57,0.5397727272727273,0.95,0.6884057971014492,"[[19 81]
 [ 5 95]]"
0.6,0.5426829268292683,0.9468085106382979,0.689922480620155,"[[31 75]
 [ 5 89]]"
0.6,0.563953488372093,0.9509803921568627,0.708029197080292,"[[23 75]
 [ 5 97]]"
0.6,0.5771428571428572,0.9439252336448598,0.7163120567375887,"[[ 19  74]
 [  6 101]]"
0.58,0.5697674418604651,0.9074074074074074,0.7,"[[18 74]
 [10 98]]"
0.575,0.5838150289017341,0.8859649122807017,0.7038327526132404,"[[ 14  72]
 [ 13 101]]"
0.595,0.5548780487804879,0.9191919191919192,0.6920152091254753,"[[28 73]
 [ 8 91]]"
0.65,0.6149068322981367,0.9252336448598131,0.7388059701492538,"[[31 62]
 [ 8 99]]"
0.575,0.5529411764705883,0.912621359223301,0.6886446886446886,"[[21 76]
 [ 9 94]]"
0.61,0.5823529411764706,0.9339622641509434,0.717391304347826,"[[23 71]
 [ 7 99]]"
0.65,0.639751552795031,0.8956521739130435,0.7463768115942029,"[[ 27  58]
 [ 12 103]]"
0.63,0.6163522012578616,0.8828828828828829,0.725925925925926,"[[28 61]
 [13 98]]"
0.69,0.6646341463414634,0.9396551724137931,0.7785714285714286,"[[ 29  55]
 [  7 109]]"
0.65,0.6107784431137725,0.9532710280373832,0.7445255474452555,"[[ 28  65]
 [  5 102]]"
0.595,0.5476190476190477,0.9484536082474226,0.6943396226415094,"[[27 76]
 [ 5 92]]"
0.65,0.632768361581921,0.9572649572649573,0.7619047619047619,"[[ 18  65]
 [  5 112]]"
0.675,0.6526946107784432,0.9396551724137931,0.7703180212014135,"[[ 26  58]
 [  7 109]]"
0.685,0.6588235294117647,0.9572649572649573,0.7804878048780488,"[[ 25  58]
 [  5 112]]"
0.64,0.6,0.9428571428571428,0.7333333333333333,"[[29 66]
 [ 6 99]]"
0.59,0.5617283950617284,0.8921568627450981,0.6893939393939394,"[[27 71]
 [11 91]]"
0.675,0.6273291925465838,0.9528301886792453,0.7565543071161048,"[[ 34  60]
 [  5 101]]"
0.605,0.5773809523809523,0.9238095238095239,0.7106227106227107,"[[24 71]
 [ 8 97]]"
0.575,0.5952380952380952,0.8547008547008547,0.7017543859649122,"[[ 15  68]
 [ 17 100]]"
0.58,0.5502958579881657,0.9207920792079208,0.6888888888888889,"[[23 76]
 [ 8 93]]"
0.595,0.6047904191616766,0.8706896551724138,0.7137809187279152,"[[ 18  66]
 [ 15 101]]"
0.58,0.5352941176470588,0.9479166666666666,0.6842105263157895,"[[25 79]
 [ 5 91]]"
0.635,0.5838509316770186,0.94,0.7203065134099617,"[[33 67]
 [ 6 94]]"
0.6,0.5795454545454546,0.9444444444444444,0.7183098591549296,"[[ 18  74]
 [  6 102]]"
0.605,0.5595238095238095,0.9494949494949495,0.704119850187266,"[[27 74]
 [ 5 94]]"
0.59,0.5730994152046783,0.9158878504672897,0.7050359712230215,"[[20 73]
 [ 9 98]]"
0.67,0.6506024096385542,0.9310344827586207,0.7659574468085106,"[[ 26  58]
 [  8 108]]"
0.625,0.6130952380952381,0.911504424778761,0.7330960854092526,"[[ 22  65]
 [ 10 103]]"
0.605,0.5730994152046783,0.9423076923076923,0.7127272727272728,"[[23 73]
 [ 6 98]]"
0.605,0.5679012345679012,0.9108910891089109,0.6996197718631179,"[[29 70]
 [ 9 92]]"
0.61,0.5987654320987654,0.8818181818181818,0.7132352941176471,"[[25 65]
 [13 97]]"
0.59,0.5595238095238095,0.9215686274509803,0.6962962962962963,"[[24 74]
 [ 8 94]]"
0.58,0.5625,0.9339622641509434,0.7021276595744681,"[[17 77]
 [ 7 99]]"
0.575,0.5697674418604651,0.8990825688073395,0.697508896797153,"[[17 74]
 [11 98]]"
0.605,0.6091954022988506,0.905982905982906,0.7285223367697594,"[[ 15  68]
 [ 11 106]]"
0.68,0.6590909090909091,0.9666666666666667,0.7837837837837838,"[[ 20  60]
 [  4 116]]"
0.575,0.5321637426900585,0.9479166666666666,0.6816479400749064,"[[24 80]
 [ 5 91]]"
0.545,0.5329341317365269,0.8725490196078431,0.6617100371747212,"[[20 78]
 [13 89]]"
0.67,0.6524390243902439,0.9224137931034483,0.7642857142857142,"[[ 27  57]
 [  9 107]]"
0.64,0.6242774566473989,0.9391304347826087,0.75,"[[ 20  65]
 [  7 108]]"
0.61,0.5857988165680473,0.9252336448598131,0.717391304347826,"[[23 70]
 [ 8 99]]"
0.63,0.6071428571428571,0.9272727272727272,0.7338129496402878,"[[ 24  66]
 [  8 102]]"
0.665,0.631578947368421,0.9642857142857143,0.7632508833922261,"[[ 25  63]
 [  4 108]]"
0.67,0.6325301204819277,0.9545454545454546,0.7608695652173914,"[[ 29  61]
 [  5 105]]"
0.61,0.573170731707317,0.9215686274509803,0.706766917293233,"[[28 70]
 [ 8 94]]"
0.64,0.5838509316770186,0.9494949494949495,0.7230769230769231,"[[34 67]
 [ 5 94]]"
0.635,0.6011904761904762,0.9439252336448598,0.7345454545454545,"[[ 26  67]
 [  6 101]]"
0.62,0.577639751552795,0.9207920792079208,0.7099236641221374,"[[31 68]
 [ 8 93]]"
0.605,0.5813953488372093,0.9345794392523364,0.7168458781362007,"[[ 21  72]
 [  7 100]]"
0.66,0.6287425149700598,0.9459459459459459,0.7553956834532374,"[[ 27  62]
 [  6 105]]"
0.625,0.5789473684210527,0.8888888888888888,0.701195219123506,"[[37 64]
 [11 88]]"
0.565,0.5189873417721519,0.8817204301075269,0.6533864541832669,"[[31 76]
 [11 82]]"
0.625,0.5914634146341463,0.9238095238095239,0.7211895910780669,"[[28 67]
 [ 8 97]]"
0.575,0.5454545454545454,0.9504950495049505,0.6931407942238267,"[[19 80]
 [ 5 96]]"
0.65,0.6428571428571429,0.9152542372881356,0.7552447552447552,"[[ 22  60]
 [ 10 108]]"
0.605,0.5872093023255814,0.926605504587156,0.7188612099644128,"[[ 20  71]
 [  8 101]]"
0.6,0.5773809523809523,0.9150943396226415,0.708029197080292,"[[23 71]
 [ 9 97]]"
0.665,0.6491228070175439,0.940677966101695,0.7681660899653979,"[[ 22  60]
 [  7 111]]"
0.69,0.6449704142011834,0.9819819819819819,0.7785714285714286,"[[ 29  60]
 [  2 109]]"
0.63,0.5723270440251572,0.9381443298969072,0.7109375,"[[35 68]
 [ 6 91]]"
0.62,0.5862068965517241,0.9622641509433962,0.7285714285714285,"[[ 22  72]
 [  4 102]]"
0.64,0.6130952380952381,0.9363636363636364,0.7410071942446043,"[[ 25  65]
 [  7 103]]"
0.68,0.6363636363636364,0.9245283018867925,0.7538461538461538,"[[38 56]
 [ 8 98]]"
0.615,0.5714285714285714,0.9504950495049505,0.7137546468401487,"[[27 72]
 [ 5 96]]"
0.625,0.572289156626506,0.9595959595959596,0.7169811320754716,"[[30 71]
 [ 4 95]]"
0.66,0.6402439024390244,0.9210526315789473,0.7553956834532374,"[[ 27  59]
 [  9 105]]"
0.62,0.5962732919254659,0.897196261682243,0.7164179104477612,"[[28 65]
 [11 96]]"
0.665,0.6325301204819277,0.9459459459459459,0.7581227436823105,"[[ 28  61]
 [  6 105]]"
0.695,0.6687116564417178,0.9396551724137931,0.7813620071684588,"[[ 30  54]
 [  7 109]]"
0.585,0.536144578313253,0.9368421052631579,0.6819923371647509,"[[28 77]
 [ 6 89]]"
0.64,0.5987261146496815,0.912621359223301,0.7230769230769231,"[[34 63]
 [ 9 94]]"
0.7,0.6484848484848484,0.981651376146789,0.781021897810219,"[[ 33  58]
 [  2 107]]"
0.655,0.6121212121212121,0.9528301886792453,0.7453874538745388,"[[ 30  64]
 [  5 101]]"
0.545,0.5,0.9120879120879121,0.6459143968871596,"[[26 83]
 [ 8 83]]"
0.595,0.5773809523809523,0.9065420560747663,0.7054545454545454,"[[22 71]
 [10 97]]"
0.69,0.6521739130434783,0.9459459459459459,0.7720588235294118,"[[ 33  56]
 [  6 105]]"
0.595,0.5766871165644172,0.8867924528301887,0.6988847583643123,"[[25 69]
 [12 94]]"
0.655,0.6178343949044586,0.9150943396226415,0.7376425855513308,"[[34 60]
 [ 9 97]]"
0.63,0.5808383233532934,0.9603960396039604,0.7238805970149254,"[[29 70]
 [ 4 97]]"
0.65,0.6104651162790697,0.9722222222222222,0.75,"[[ 25  67]
 [  3 105]]"
0.67,0.6457142857142857,0.9658119658119658,0.773972602739726,"[[ 21  62]
 [  4 113]]"
0.665,0.6285714285714286,0.9821428571428571,0.7665505226480837,"[[ 23  65]
 [  2 110]]"
0.63,0.58125,0.93,0.7153846153846154,"[[33 67]
 [ 7 93]]"
0.63,0.6036585365853658,0.9166666666666666,0.7279411764705882,"[[27 65]
 [ 9 99]]"
0.635,0.6196319018404908,0.9017857142857143,0.7345454545454545,"[[ 26  62]
 [ 11 101]]"
0.63,0.6,0.9444444444444444,0.7338129496402878,"[[ 24  68]
 [  6 102]]"
0.645,0.5963855421686747,0.9611650485436893,0.7360594795539034,"[[30 67]
 [ 4 99]]"
0.69,0.6585365853658537,0.9473684210526315,0.7769784172661871,"[[ 30  56]
 [  6 108]]"
0.6,0.5398773006134969,0.946236559139785,0.6875,"[[32 75]
 [ 5 88]]"
0.62,0.5963855421686747,0.9166666666666666,0.7226277372262774,"[[25 67]
 [ 9 99]]"
0.645,0.6107784431137725,0.9444444444444444,0.7418181818181818,"[[ 27  65]
 [  6 102]]"
0.625,0.5843373493975904,0.941747572815534,0.7211895910780669,"[[28 69]
 [ 6 97]]"
0.61,0.558282208588957,0.9381443298969072,0.7,"[[31 72]
 [ 6 91]]"
0.63,0.5878787878787879,0.941747572815534,0.7238805970149254,"[[29 68]
 [ 6 97]]"
0.675,0.6491228070175439,0.9568965517241379,0.7735191637630662,"[[ 24  60]
 [  5 111]]"
0.62,0.6035502958579881,0.918918918918919,0.7285714285714285,"[[ 22  67]
 [  9 102]]"
0.62,0.5941176470588235,0.9351851851851852,0.7266187050359713,"[[ 23  69]
 [  7 101]]"
0.605,0.5652173913043478,0.91,0.6973180076628352,"[[30 70]
 [ 9 91]]"
0.675,0.6411764705882353,0.9646017699115044,0.7703180212014135,"[[ 26  61]
 [  4 109]]"
0.685,0.6280487804878049,0.9809523809523809,0.7657992565055762,"[[ 34  61]
 [  2 103]]"
0.62,0.5798816568047337,0.9514563106796117,0.7205882352941176,"[[26 71]
 [ 5 98]]"
0.6,0.5739644970414202,0.9238095238095239,0.708029197080292,"[[23 72]
 [ 8 97]]"
0.685,0.6666666666666666,0.9411764705882353,0.7804878048780488,"[[ 25  56]
 [  7 112]]"
0.685,0.6609195402298851,0.9663865546218487,0.7849829351535836,"[[ 22  59]
 [  4 115]]"
0.68,0.6524390243902439,0.9385964912280702,0.7697841726618705,"[[ 29  57]
 [  7 107]]"
0.62,0.5941176470588235,0.9351851851851852,0.7266187050359713,"[[ 23  69]
 [  7 101]]"
0.68,0.6494252873563219,0.9741379310344828,0.7793103448275862,"[[ 23  61]
 [  3 113]]"
0.68,0.6704545454545454,0.9516129032258065,0.7866666666666666,"[[ 18  58]
 [  6 118]]"
0.625,0.6071428571428571,0.918918918918919,0.7311827956989247,"[[ 23  66]
 [  9 102]]"
0.62,0.5748502994011976,0.9504950495049505,0.7164179104477612,"[[28 71]
 [ 5 96]]"
0.635,0.6058823529411764,0.944954128440367,0.7383512544802867,"[[ 24  67]
 [  6 103]]"
0.655,0.6206896551724138,0.972972972972973,0.7578947368421053,"[[ 23  66]
 [  3 108]]"
0.625,0.5977011494252874,0.9541284403669725,0.734982332155477,"[[ 21  70]
 [  5 104]]"
0.6,0.5654761904761905,0.9313725490196079,0.7037037037037037,"[[25 73]
 [ 7 95]]"
0.66,0.6181818181818182,0.9532710280373832,0.75,"[[ 30  63]
 [  5 102]]"
0.675,0.6289308176100629,0.9433962264150944,0.7547169811320755,"[[ 35  59]
 [  6 100]]"
0.58,0.5443786982248521,0.9292929292929293,0.6865671641791045,"[[24 77]
 [ 7 92]]"
0.675,0.6280487804878049,0.9626168224299065,0.7601476014760148,"[[ 32  61]
 [  4 103]]"
0.625,0.5527950310559007,0.967391304347826,0.7035573122529645,"[[36 72]
 [ 3 89]]"
0.71,0.6538461538461539,0.9622641509433962,0.7786259541984732,"[[ 40  54]
 [  4 102]]"
0.69,0.6626506024096386,0.9482758620689655,0.7801418439716312,"[[ 28  56]
 [  6 110]]"
0.605,0.5542168674698795,0.9484536082474226,0.6996197718631179,"[[29 74]
 [ 5 92]]"
0.635,0.5906432748538012,0.9711538461538461,0.7345454545454545,"[[ 26  70]
 [  3 101]]"
0.645,0.6104651162790697,0.963302752293578,0.7473309608540926,"[[ 24  67]
 [  4 105]]"
0.695,0.6488095238095238,0.9819819819819819,0.7813620071684588,"[[ 30  59]
 [  2 109]]"
0.59,0.5325443786982249,0.967741935483871,0.6870229007633588,"[[28 79]
 [ 3 90]]"
0.63,0.6094674556213018,0.9279279279279279,0.7357142857142858,"[[ 23  66]
 [  8 103]]"
0.595,0.5535714285714286,0.9393939393939394,0.6966292134831461,"[[26 75]
 [ 6 93]]"
0.635,0.6046511627906976,0.9541284403669725,0.7402135231316725,"[[ 23  68]
 [  5 104]]"
0.69,0.6289308176100629,0.970873786407767,0.7633587786259542,"[[ 38  59]
 [  3 100]]"
0.65,0.5941176470588235,0.9901960784313726,0.7426470588235294,"[[ 29  69]
 [  1 101]]"
0.645,0.6035502958579881,0.9622641509433962,0.7418181818181818,"[[ 27  67]
 [  4 102]]"
0.66,0.6309523809523809,0.9464285714285714,0.7571428571428571,"[[ 26  62]
 [  6 106]]"
0.645,0.6104651162790697,0.963302752293578,0.7473309608540926,"[[ 24  67]
 [  4 105]]"
0.635,0.5670731707317073,0.9789473684210527,0.7181467181467182,"[[34 71]
 [ 2 93]]"
0.72,0.6845238095238095,0.9745762711864406,0.8041958041958042,"[[ 29  53]
 [  3 115]]"
0.64,0.6011904761904762,0.9528301886792453,0.7372262773722628,"[[ 27  67]
 [  5 101]]"
0.685,0.6219512195121951,0.9902912621359223,0.7640449438202247,"[[ 35  62]
 [  1 102]]"
0.605,0.5697674418604651,0.9514563106796117,0.7127272727272728,"[[23 74]
 [ 5 98]]"
0.645,0.6198830409356725,0.9464285714285714,0.7491166077738516,"[[ 23  65]
 [  6 106]]"
0.7,0.6628571428571428,0.9914529914529915,0.7945205479452054,"[[ 24  59]
 [  1 116]]"
0.635,0.5688622754491018,0.9895833333333334,0.7224334600760456,"[[32 72]
 [ 1 95]]"
0.605,0.5529411764705883,0.9690721649484536,0.704119850187266,"[[27 76]
 [ 3 94]]"
0.69,0.6319018404907976,0.9809523809523809,0.7686567164179104,"[[ 35  60]
 [  2 103]]"
0.6,0.5602409638554217,0.93,0.6992481203007519,"[[27 73]
 [ 7 93]]"
0.625,0.5748502994011976,0.96,0.7191011235955056,"[[29 71]
 [ 4 96]]"
0.635,0.5930232558139535,0.9714285714285714,0.7364620938628159,"[[ 25  70]
 [  3 102]]"
0.64,0.6073619631901841,0.9252336448598131,0.7333333333333333,"[[29 64]
 [ 8 99]]"
0.65,0.6035502958579881,0.9714285714285714,0.7445255474452555,"[[ 28  67]
 [  3 102]]"
0.65,0.5909090909090909,0.9285714285714286,0.7222222222222222,"[[39 63]
 [ 7 91]]"
0.7,0.6685714285714286,0.9831932773109243,0.7959183673469388,"[[ 23  58]
 [  2 117]]"
0.675,0.6289308176100629,0.9433962264150944,0.7547169811320755,"[[ 35  59]
 [  6 100]]"
0.68,0.6337209302325582,0.990909090909091,0.7730496453900709,"[[ 27  63]
 [  1 109]]"
0.68,0.6488095238095238,0.956140350877193,0.7730496453900709,"[[ 27  59]
 [  5 109]]"
0.655,0.6384180790960452,0.9576271186440678,0.7661016949152543,"[[ 18  64]
 [  5 113]]"
0.705,0.6878612716763006,0.9596774193548387,0.8013468013468014,"[[ 22  54]
 [  5 119]]"
0.655,0.5816993464052288,0.9468085106382979,0.7206477732793523,"[[42 64]
 [ 5 89]]"
0.65,0.611764705882353,0.9629629629629629,0.7482014388489209,"[[ 26  66]
 [  4 104]]"
0.615,0.5588235294117647,0.979381443298969,0.7116104868913857,"[[28 75]
 [ 2 95]]"
0.63,0.5862068965517241,0.9807692307692307,0.7338129496402878,"[[ 24  72]
 [  2 102]]"
0.605,0.5548780487804879,0.9381443298969072,0.6973180076628352,"[[30 73]
 [ 6 91]]"
0.685,0.6526946107784432,0.956140350877193,0.7758007117437722,"[[ 28  58]
 [  5 109]]"
0.685,0.6289308176100629,0.9615384615384616,0.7604562737642585,"[[ 37  59]
 [  4 100]]"
0.635,0.5847953216374269,0.9803921568627451,0.7326007326007326,"[[ 27  71]
 [  2 100]]"
0.615,0.5527950310559007,0.9468085106382979,0.6980392156862745,"[[34 72]
 [ 5 89]]"
0.71,0.6474358974358975,0.9711538461538461,0.7769230769230769,"[[ 41  55]
 [  3 101]]"
0.64,0.5962732919254659,0.9320388349514563,0.7272727272727273,"[[32 65]
 [ 7 96]]"
0.695,0.6481481481481481,0.963302752293578,0.7749077490774908,"[[ 34  57]
 [  4 105]]"
0.7,0.6707317073170732,0.9482758620689655,0.7857142857142857,"[[ 30  54]
 [  6 110]]"
0.69,0.6363636363636364,0.9813084112149533,0.7720588235294118,"[[ 33  60]
 [  2 105]]"
0.705,0.6829268292682927,0.9411764705882353,0.7915194346289752,"[[ 29  52]
 [  7 112]]"
0.685,0.6627906976744186,0.957983193277311,0.7835051546391752,"[[ 23  58]
 [  5 114]]"
0.705,0.6375,0.9902912621359223,0.7756653992395437,"[[ 39  58]
 [  1 102]]"
0.655,0.5855263157894737,0.9368421052631579,0.7206477732793523,"[[42 63]
 [ 6 89]]"
0.675,0.6265822784810127,0.9428571428571428,0.752851711026616,"[[36 59]
 [ 6 99]]"
0.665,0.6153846153846154,0.9320388349514563,0.7413127413127413,"[[37 60]
 [ 7 96]]"
0.645,0.5792682926829268,0.979381443298969,0.7279693486590039,"[[34 69]
 [ 2 95]]"
0.675,0.643312101910828,0.9181818181818182,0.7565543071161048,"[[ 34  56]
 [  9 101]]"
0.635,0.5714285714285714,0.9583333333333334,0.7159533073929961,"[[35 69]
 [ 4 92]]"
0.595,0.5157232704402516,0.9534883720930233,0.6693877551020408,"[[37 77]
 [ 4 82]]"
0.74,0.7,0.9916666666666667,0.8206896551724138,"[[ 29  51]
 [  1 119]]"
0.665,0.6375,0.918918918918919,0.7527675276752768,"[[ 31  58]
 [  9 102]]"
0.705,0.6708074534161491,0.9473684210526315,0.7854545454545454,"[[ 33  53]
 [  6 108]]"
0.625,0.5895953757225434,0.9622641509433962,0.7311827956989247,"[[ 23  71]
 [  4 102]]"
0.675,0.6296296296296297,0.9532710280373832,0.758364312267658,"[[ 33  60]
 [  5 102]]"
0.665,0.6303030303030303,0.9454545454545454,0.7563636363636363,"[[ 29  61]
 [  6 104]]"
0.685,0.6211180124223602,0.9803921568627451,0.7604562737642585,"[[ 37  61]
 [  2 100]]"
0.705,0.6496815286624203,0.9622641509433962,0.7756653992395437,"[[ 39  55]
 [  4 102]]"
0.635,0.6094674556213018,0.9363636363636364,0.7383512544802867,"[[ 24  66]
 [  7 103]]"
0.63,0.5526315789473685,0.9333333333333333,0.6942148760330579,"[[42 68]
 [ 6 84]]"
0.695,0.6410256410256411,0.9523809523809523,0.7662835249042146,"[[ 39  56]
 [  5 100]]"
0.68,0.6375,0.9444444444444444,0.7611940298507462,"[[ 34  58]
 [  6 102]]"
0.685,0.6196319018404908,0.9901960784313726,0.7622641509433963,"[[ 36  62]
 [  1 101]]"
0.64,0.5988023952095808,0.9523809523809523,0.7352941176470589,"[[ 28  67]
 [  5 100]]"
0.72,0.68125,0.956140350877193,0.7956204379562044,"[[ 35  51]
 [  5 109]]"
0.73,0.6754966887417219,0.9532710280373832,0.7906976744186046,"[[ 44  49]
 [  5 102]]"
0.63,0.55625,0.967391304347826,0.7063492063492064,"[[37 71]
 [ 3 89]]"
0.685,0.6484848484848484,0.9553571428571429,0.7725631768953068,"[[ 30  58]
 [  5 107]]"
0.685,0.6441717791411042,0.9545454545454546,0.7692307692307693,"[[ 32  58]
 [  5 105]]"
0.7,0.6410256410256411,0.9615384615384616,0.7692307692307693,"[[ 40  56]
 [  4 100]]"
0.705,0.6746987951807228,0.9572649572649573,0.7915194346289752,"[[ 29  54]
 [  5 112]]"
0.675,0.6217948717948718,0.941747572815534,0.749034749034749,"[[38 59]
 [ 6 97]]"
0.66,0.5987261146496815,0.9494949494949495,0.734375,"[[38 63]
 [ 5 94]]"
0.69,0.6050955414012739,1.0,0.753968253968254,"[[43 62]
 [ 0 95]]"
0.715,0.6554054054054054,0.941747572815534,0.7729083665338645,"[[46 51]
 [ 6 97]]"
0.64,0.5859872611464968,0.9292929292929293,0.71875,"[[36 65]
 [ 7 92]]"
0.685,0.5960264900662252,0.9782608695652174,0.7407407407407407,"[[47 61]
 [ 2 90]]"
0.67,0.6114649681528662,0.9504950495049505,0.7441860465116279,"[[38 61]
 [ 5 96]]"
0.68,0.6463414634146342,0.9464285714285714,0.7681159420289855,"[[ 30  58]
 [  6 106]]"
0.685,0.639751552795031,0.9537037037037037,0.7657992565055762,"[[ 34  58]
 [  5 103]]"
0.72,0.6687898089171974,0.963302752293578,0.7894736842105263,"[[ 39  52]
 [  4 105]]"
0.74,0.7,0.9375,0.8015267175572519,"[[ 43  45]
 [  7 105]]"
0.71,0.6645161290322581,0.944954128440367,0.7803030303030303,"[[ 39  52]
 [  6 103]]"
0.665,0.6036585365853658,0.9801980198019802,0.7471698113207547,"[[34 65]
 [ 2 99]]"
0.675,0.6114649681528662,0.96,0.7470817120622568,"[[39 61]
 [ 4 96]]"
0.665,0.5894039735099338,0.9468085106382979,0.726530612244898,"[[44 62]
 [ 5 89]]"
0.715,0.6602564102564102,0.9626168224299065,0.7832699619771863,"[[ 40  53]
 [  4 103]]"
0.69,0.6258064516129033,0.9603960396039604,0.7578125,"[[41 58]
 [ 4 97]]"
0.7,0.6445783132530121,0.9907407407407407,0.781021897810219,"[[ 33  59]
 [  1 107]]"
0.705,0.6521739130434783,0.9722222222222222,0.7806691449814126,"[[ 36  56]
 [  3 105]]"
0.735,0.6962025316455697,0.9565217391304348,0.8058608058608059,"[[ 37  48]
 [  5 110]]"
0.71,0.6687898089171974,0.9459459459459459,0.7835820895522388,"[[ 37  52]
 [  6 105]]"
0.665,0.6073619631901841,0.9705882352941176,0.7471698113207547,"[[34 64]
 [ 3 99]]"
0.73,0.6751592356687898,0.9724770642201835,0.7969924812030075,"[[ 40  51]
 [  3 106]]"
0.74,0.6772151898734177,0.9907407407407407,0.8045112781954887,"[[ 41  51]
 [  1 107]]"
0.665,0.5844155844155844,0.967741935483871,0.728744939271255,"[[43 64]
 [ 3 90]]"
0.695,0.6081081081081081,0.967741935483871,0.7468879668049793,"[[49 58]
 [ 3 90]]"
0.78,0.7423312883435583,0.983739837398374,0.8461538461538461,"[[ 35  42]
 [  2 121]]"
0.695,0.639751552795031,0.9716981132075472,0.7715355805243446,"[[ 36  58]
 [  3 103]]"
0.715,0.6137931034482759,0.9888888888888889,0.7574468085106383,"[[54 56]
 [ 1 89]]"
0.7,0.6081081081081081,0.9782608695652174,0.75,"[[50 58]
 [ 2 90]]"
0.745,0.6883116883116883,0.9724770642201835,0.8060836501901141,"[[ 43  48]
 [  3 106]]"
0.745,0.6644736842105263,1.0,0.7984189723320159,"[[ 48  51]
 [  0 101]]"
0.725,0.6601307189542484,0.9711538461538461,0.7859922178988327,"[[ 44  52]
 [  3 101]]"
0.78,0.7218543046357616,0.9819819819819819,0.8320610687022901,"[[ 47  42]
 [  2 109]]"
0.765,0.7142857142857143,0.9734513274336283,0.8239700374531835,"[[ 43  44]
 [  3 110]]"
0.71,0.6582278481012658,0.9629629629629629,0.7819548872180451,"[[ 38  54]
 [  4 104]]"
0.755,0.7161290322580646,0.9568965517241379,0.8191881918819188,"[[ 40  44]
 [  5 111]]"
0.77,0.7142857142857143,0.9821428571428571,0.8270676691729323,"[[ 44  44]
 [  2 110]]"
0.7,0.6174496644295302,0.968421052631579,0.7540983606557377,"[[48 57]
 [ 3 92]]"
0.765,0.7,0.9813084112149533,0.8171206225680934,"[[ 48  45]
 [  2 105]]"
0.79,0.72,1.0,0.8372093023255814,"[[ 50  42]
 [  0 108]]"
0.72,0.6447368421052632,0.98,0.7777777777777778,"[[46 54]
 [ 2 98]]"
0.735,0.6394557823129252,1.0,0.7800829875518672,"[[53 53]
 [ 0 94]]"
0.715,0.6447368421052632,0.9702970297029703,0.7747035573122529,"[[45 54]
 [ 3 98]]"
0.755,0.6959459459459459,0.9626168224299065,0.807843137254902,"[[ 48  45]
 [  4 103]]"
0.73,0.6624203821656051,0.9904761904761905,0.7938931297709924,"[[ 42  53]
 [  1 104]]"
0.735,0.6730769230769231,0.9813084112149533,0.7984790874524715,"[[ 42  51]
 [  2 105]]"
0.735,0.7037037037037037,0.957983193277311,0.8113879003558719,"[[ 33  48]
 [  5 114]]"
0.725,0.6351351351351351,0.9894736842105263,0.7736625514403292,"[[51 54]
 [ 1 94]]"
0.68,0.5882352941176471,0.989010989010989,0.7377049180327869,"[[46 63]
 [ 1 90]]"
0.7,0.6459627329192547,0.9719626168224299,0.7761194029850746,"[[ 36  57]
 [  3 104]]"
0.735,0.6832298136645962,0.9821428571428571,0.8058608058608059,"[[ 37  51]
 [  2 110]]"
0.755,0.6714285714285714,0.9690721649484536,0.7932489451476793,"[[57 46]
 [ 3 94]]"
0.715,0.6258992805755396,0.9456521739130435,0.7532467532467533,"[[56 52]
 [ 5 87]]"
0.765,0.7105263157894737,0.972972972972973,0.8212927756653993,"[[ 45  44]
 [  3 108]]"
0.78,0.7172413793103448,0.9719626168224299,0.8253968253968254,"[[ 52  41]
 [  3 104]]"
0.79,0.7310344827586207,0.9724770642201835,0.8346456692913385,"[[ 52  39]
 [  3 106]]"
0.76,0.7161290322580646,0.9652173913043478,0.8222222222222222,"[[ 41  44]
 [  4 111]]"
0.755,0.6594202898550725,0.978494623655914,0.7878787878787878,"[[60 47]
 [ 2 91]]"
0.815,0.7676056338028169,0.9646017699115044,0.8549019607843137,"[[ 54  33]
 [  4 109]]"
0.77,0.6870748299319728,1.0,0.8145161290322581,"[[ 53  46]
 [  0 101]]"
0.745,0.6993865030674846,0.9827586206896551,0.8172043010752689,"[[ 35  49]
 [  2 114]]"
0.765,0.7241379310344828,0.9375,0.8171206225680934,"[[ 48  40]
 [  7 105]]"
0.785,0.7172413793103448,0.9811320754716981,0.8286852589641435,"[[ 53  41]
 [  2 104]]"
0.76,0.6933333333333334,0.9811320754716981,0.8125,"[[ 48  46]
 [  2 104]]"
0.775,0.7152777777777778,0.9626168224299065,0.8207171314741036,"[[ 52  41]
 [  4 103]]"
0.785,0.74,0.9652173913043478,0.8377358490566038,"[[ 46  39]
 [  4 111]]"
0.76,0.7152317880794702,0.9557522123893806,0.8181818181818182,"[[ 44  43]
 [  5 108]]"
0.75,0.7152317880794702,0.9391304347826087,0.8120300751879699,"[[ 42  43]
 [  7 108]]"
0.82,0.7676056338028169,0.9732142857142857,0.8582677165354331,"[[ 55  33]
 [  3 109]]"
0.805,0.7638888888888888,0.9565217391304348,0.8494208494208494,"[[ 51  34]
 [  5 110]]"
0.78,0.7394366197183099,0.9375,0.8267716535433071,"[[ 51  37]
 [  7 105]]"
0.795,0.7333333333333333,0.990990990990991,0.842911877394636,"[[ 49  40]
 [  1 110]]"
0.81,0.7602739726027398,0.9736842105263158,0.8538461538461538,"[[ 51  35]
 [  3 111]]"
0.81,0.7763157894736842,0.9672131147540983,0.8613138686131386,"[[ 44  34]
 [  4 118]]"
0.785,0.7446808510638298,0.9375,0.8300395256916996,"[[ 52  36]
 [  7 105]]"
0.785,0.7058823529411765,0.9696969696969697,0.8170212765957446,"[[61 40]
 [ 3 96]]"
0.805,0.7463768115942029,0.9626168224299065,0.8408163265306122,"[[ 58  35]
 [  4 103]]"
0.76,0.6986301369863014,0.9622641509433962,0.8095238095238095,"[[ 50  44]
 [  4 102]]"
0.755,0.6986301369863014,0.9532710280373832,0.8063241106719368,"[[ 49  44]
 [  5 102]]"
0.78,0.6814814814814815,0.989247311827957,0.8070175438596491,"[[64 43]
 [ 1 92]]"
0.775,0.6962962962962963,0.9591836734693877,0.8068669527896996,"[[61 41]
 [ 4 94]]"
0.82,0.7748344370860927,0.9831932773109243,0.8666666666666667,"[[ 47  34]
 [  2 117]]"
0.785,0.7092198581560284,0.9803921568627451,0.823045267489712,"[[ 57  41]
 [  2 100]]"
0.805,0.75,0.9532710280373832,0.8395061728395061,"[[ 59  34]
 [  5 102]]"
0.815,0.7518796992481203,0.9615384615384616,0.8438818565400844,"[[ 63  33]
 [  4 100]]"
0.8,0.7591240875912408,0.9369369369369369,0.8387096774193549,"[[ 56  33]
 [  7 104]]"
0.795,0.7285714285714285,0.9714285714285714,0.8326530612244898,"[[ 57  38]
 [  3 102]]"
0.81,0.75177304964539,0.9724770642201835,0.848,"[[ 56  35]
 [  3 106]]"
0.78,0.6992481203007519,0.9587628865979382,0.808695652173913,"[[63 40]
 [ 4 93]]"
0.79,0.7089552238805971,0.9693877551020408,0.8189655172413793,"[[63 39]
 [ 3 95]]"
0.82,0.7720588235294118,0.9545454545454546,0.8536585365853658,"[[ 59  31]
 [  5 105]]"
0.83,0.7986111111111112,0.9583333333333334,0.8712121212121212,"[[ 51  29]
 [  5 115]]"
0.865,0.8148148148148148,0.9821428571428571,0.8906882591093117,"[[ 63  25]
 [  2 110]]"
0.77,0.7241379310344828,0.9459459459459459,0.8203125,"[[ 49  40]
 [  6 105]]"
0.845,0.8076923076923077,0.9459459459459459,0.8713692946058091,"[[ 64  25]
 [  6 105]]"
0.775,0.7183098591549296,0.9532710280373832,0.8192771084337349,"[[ 53  40]
 [  5 102]]"
0.805,0.7518248175182481,0.9537037037037037,0.8408163265306122,"[[ 58  34]
 [  5 103]]"
0.81,0.7697368421052632,0.975,0.8602941176470589,"[[ 45  35]
 [  3 117]]"
0.84,0.7751937984496124,0.970873786407767,0.8620689655172413,"[[ 68  29]
 [  3 100]]"
0.825,0.7887323943661971,0.9572649572649573,0.8648648648648649,"[[ 53  30]
 [  5 112]]"
0.84,0.8103448275862069,0.9038461538461539,0.8545454545454545,"[[74 22]
 [10 94]]"
0.76,0.6691729323308271,0.956989247311828,0.7876106194690266,"[[63 44]
 [ 4 89]]"
0.815,0.7578125,0.941747572815534,0.8398268398268398,"[[66 31]
 [ 6 97]]"
0.82,0.7552447552447552,0.9908256880733946,0.8571428571428571,"[[ 56  35]
 [  1 108]]"
0.845,0.7698412698412699,0.9797979797979798,0.8622222222222222,"[[72 29]
 [ 2 97]]"
0.8,0.7348484848484849,0.9509803921568627,0.8290598290598291,"[[63 35]
 [ 5 97]]"
0.81,0.7608695652173914,0.9545454545454546,0.8467741935483871,"[[ 57  33]
 [  5 105]]"
0.82,0.7538461538461538,0.9607843137254902,0.8448275862068966,"[[66 32]
 [ 4 98]]"
0.88,0.8478260869565217,0.975,0.9069767441860465,"[[ 59  21]
 [  3 117]]"
0.825,0.7681159420289855,0.9724770642201835,0.8582995951417004,"[[ 59  32]
 [  3 106]]"
0.815,0.7480916030534351,0.9607843137254902,0.8412017167381974,"[[65 33]
 [ 4 98]]"
0.81,0.7569444444444444,0.9732142857142857,0.8515625,"[[ 53  35]
 [  3 109]]"
0.85,0.8,0.9629629629629629,0.8739495798319328,"[[ 66  26]
 [  4 104]]"
0.8,0.7357142857142858,0.9716981132075472,0.8373983739837398,"[[ 57  37]
 [  3 103]]"
0.795,0.7299270072992701,0.9615384615384616,0.8298755186721992,"[[ 59  37]
 [  4 100]]"
0.89,0.8278688524590164,0.9901960784313726,0.9017857142857143,"[[ 77  21]
 [  1 101]]"
0.81,0.7580645161290323,0.9215686274509803,0.831858407079646,"[[68 30]
 [ 8 94]]"
0.86,0.8382352941176471,0.95,0.890625,"[[ 58  22]
 [  6 114]]"
0.825,0.7744360902255639,0.9537037037037037,0.8547717842323651,"[[ 62  30]
 [  5 103]]"
0.795,0.696,0.9666666666666667,0.8093023255813954,"[[72 38]
 [ 3 87]]"
0.815,0.7622377622377622,0.9732142857142857,0.8549019607843137,"[[ 54  34]
 [  3 109]]"
0.86,0.7777777777777778,0.978494623655914,0.8666666666666667,"[[81 26]
 [ 2 91]]"
0.855,0.8214285714285714,0.9663865546218487,0.888030888030888,"[[ 56  25]
 [  4 115]]"
0.87,0.8345323741007195,0.9747899159663865,0.8992248062015504,"[[ 58  23]
 [  3 116]]"
0.83,0.78125,0.9433962264150944,0.8547008547008547,"[[ 66  28]
 [  6 100]]"
0.835,0.7777777777777778,0.9722222222222222,0.8641975308641975,"[[ 62  30]
 [  3 105]]"
0.845,0.7906976744186046,0.9622641509433962,0.8680851063829788,"[[ 67  27]
 [  4 102]]"
0.82,0.7578125,0.9509803921568627,0.8434782608695652,"[[67 31]
 [ 5 97]]"
0.85,0.7661290322580645,0.9895833333333334,0.8636363636363636,"[[75 29]
 [ 1 95]]"
0.86,0.8201438848920863,0.9743589743589743,0.890625,"[[ 58  25]
 [  3 114]]"
0.825,0.7674418604651163,0.9519230769230769,0.8497854077253219,"[[66 30]
 [ 5 99]]"
0.765,0.6884057971014492,0.9595959595959596,0.8016877637130801,"[[58 43]
 [ 4 95]]"
0.87,0.847457627118644,0.9259259259259259,0.8849557522123894,"[[ 74  18]
 [  8 100]]"
0.84,0.8029197080291971,0.9565217391304348,0.873015873015873,"[[ 58  27]
 [  5 110]]"
0.835,0.7785714285714286,0.9819819819819819,0.8685258964143426,"[[ 58  31]
 [  2 109]]"
0.82,0.7480916030534351,0.9702970297029703,0.8448275862068966,"[[66 33]
 [ 3 98]]"
0.845,0.796875,0.9532710280373832,0.8680851063829788,"[[ 67  26]
 [  5 102]]"
0.875,0.84375,0.9557522123893806,0.8962655601659751,"[[ 67  20]
 [  5 108]]"
0.825,0.7480314960629921,0.9693877551020408,0.8444444444444444,"[[70 32]
 [ 3 95]]"
0.875,0.8244274809160306,0.9818181818181818,0.8962655601659751,"[[ 67  23]
 [  2 108]]"
0.835,0.8248175182481752,0.9262295081967213,0.8725868725868726,"[[ 54  24]
 [  9 113]]"
0.885,0.8473282442748091,0.9736842105263158,0.9061224489795918,"[[ 66  20]
 [  3 111]]"
0.815,0.7588652482269503,0.9727272727272728,0.852589641434263,"[[ 56  34]
 [  3 107]]"
0.83,0.8217054263565892,0.905982905982906,0.8617886178861789,"[[ 60  23]
 [ 11 106]]"
0.825,0.7394957983193278,0.9565217391304348,0.8341232227488151,"[[77 31]
 [ 4 88]]"
0.865,0.8394160583941606,0.9583333333333334,0.8949416342412452,"[[ 58  22]
 [  5 115]]"
0.845,0.8032786885245902,0.9333333333333333,0.8634361233480177,"[[71 24]
 [ 7 98]]"
0.825,0.7941176470588235,0.9391304347826087,0.8605577689243028,"[[ 57  28]
 [  7 108]]"
0.855,0.8235294117647058,0.9572649572649573,0.8853754940711462,"[[ 59  24]
 [  5 112]]"
0.805,0.7426470588235294,0.9619047619047619,0.8381742738589212,"[[ 60  35]
 [  4 101]]"
0.855,0.7786885245901639,0.979381443298969,0.867579908675799,"[[76 27]
 [ 2 95]]"
0.83,0.7591240875912408,0.9904761904761905,0.859504132231405,"[[ 62  33]
 [  1 104]]"
0.835,0.7862595419847328,0.9537037037037037,0.8619246861924686,"[[ 64  28]
 [  5 103]]"
0.88,0.8661417322834646,0.9401709401709402,0.9016393442622951,"[[ 66  17]
 [  7 110]]"
0.87,0.8205128205128205,0.9504950495049505,0.8807339449541285,"[[78 21]
 [ 5 96]]"
0.83,0.7804878048780488,0.9320388349514563,0.8495575221238938,"[[70 27]
 [ 7 96]]"
0.835,0.7709923664122137,0.9711538461538461,0.8595744680851064,"[[ 66  30]
 [  3 101]]"
0.87,0.8538461538461538,0.940677966101695,0.8951612903225806,"[[ 63  19]
 [  7 111]]"
0.865,0.8384615384615385,0.9478260869565217,0.889795918367347,"[[ 64  21]
 [  6 109]]"
0.86,0.8214285714285714,0.9745762711864406,0.8914728682170543,"[[ 57  25]
 [  3 115]]"
0.82,0.7846153846153846,0.9272727272727272,0.85,"[[ 62  28]
 [  8 102]]"
0.835,0.784,0.9423076923076923,0.8558951965065502,"[[69 27]
 [ 6 98]]"
0.885,0.8524590163934426,0.9541284403669725,0.9004329004329005,"[[ 73  18]
 [  5 104]]"
0.835,0.7952755905511811,0.9351851851851852,0.8595744680851064,"[[ 66  26]
 [  7 101]]"
0.855,0.8359375,0.9304347826086956,0.8806584362139918,"[[ 64  21]
 [  8 107]]"
0.86,0.819672131147541,0.9433962264150944,0.8771929824561403,"[[ 72  22]
 [  6 100]]"
0.87,0.84251968503937,0.9469026548672567,0.8916666666666667,"[[ 67  20]
 [  6 107]]"
0.86,0.8031496062992126,0.9714285714285714,0.8793103448275862,"[[ 70  25]
 [  3 102]]"
0.875,0.8472222222222222,0.976,0.9070631970260223,"[[ 53  22]
 [  3 122]]"
0.84,0.8230088495575221,0.8857142857142857,0.8532110091743119,"[[75 20]
 [12 93]]"
0.855,0.8130081300813008,0.9433962264150944,0.8733624454148472,"[[ 71  23]
 [  6 100]]"
0.855,0.8257575757575758,0.9478260869565217,0.8825910931174089,"[[ 62  23]
 [  6 109]]"
0.815,0.7867647058823529,0.9304347826086956,0.852589641434263,"[[ 56  29]
 [  8 107]]"
0.86,0.811965811965812,0.9405940594059405,0.8715596330275229,"[[77 22]
 [ 6 95]]"
0.855,0.8120300751879699,0.9642857142857143,0.8816326530612245,"[[ 63  25]
 [  4 108]]"
0.865,0.813953488372093,0.9722222222222222,0.8860759493670886,"[[ 68  24]
 [  3 105]]"
0.875,0.8278688524590164,0.9619047619047619,0.8898678414096917,"[[ 74  21]
 [  4 101]]"
0.83,0.7719298245614035,0.9166666666666666,0.8380952380952381,"[[78 26]
 [ 8 88]]"
0.875,0.8442622950819673,0.944954128440367,0.8917748917748918,"[[ 72  19]
 [  6 103]]"
0.835,0.7741935483870968,0.9504950495049505,0.8533333333333334,"[[71 28]
 [ 5 96]]"
0.875,0.8130081300813008,0.9803921568627451,0.8888888888888888,"[[ 75  23]
 [  2 100]]"
0.865,0.816,0.9622641509433962,0.8831168831168831,"[[ 71  23]
 [  4 102]]"
0.82,0.746031746031746,0.9591836734693877,0.8392857142857143,"[[70 32]
 [ 4 94]]"
0.87,0.824,0.9626168224299065,0.8879310344827587,"[[ 71  22]
 [  4 103]]"
0.85,0.768,0.9896907216494846,0.8648648648648649,"[[74 29]
 [ 1 96]]"
0.885,0.8333333333333334,0.9813084112149533,0.9012875536480687,"[[ 72  21]
 [  2 105]]"
0.82,0.7479674796747967,0.9484536082474226,0.8363636363636363,"[[72 31]
 [ 5 92]]"
0.825,0.7692307692307693,0.9183673469387755,0.8372093023255814,"[[75 27]
 [ 8 90]]"
0.82,0.8,0.9122807017543859,0.8524590163934426,"[[ 60  26]
 [ 10 104]]"
0.855,0.8032786885245902,0.9514563106796117,0.8711111111111111,"[[73 24]
 [ 5 98]]"
0.825,0.7578125,0.9603960396039604,0.8471615720524017,"[[68 31]
 [ 4 97]]"
0.915,0.8934426229508197,0.9646017699115044,0.9276595744680851,"[[ 74  13]
 [  4 109]]"
0.845,0.7747747747747747,0.9347826086956522,0.8472906403940886,"[[83 25]
 [ 6 86]]"
0.83,0.7777777777777778,0.9191919191919192,0.8425925925925926,"[[75 26]
 [ 8 91]]"
0.825,0.7803030303030303,0.944954128440367,0.8547717842323651,"[[ 62  29]
 [  6 103]]"
0.86,0.8636363636363636,0.9193548387096774,0.890625,"[[ 58  18]
 [ 10 114]]"
0.92,0.8943089430894309,0.9734513274336283,0.9322033898305084,"[[ 74  13]
 [  3 110]]"
0.82,0.7459016393442623,0.9479166666666666,0.8348623853211009,"[[73 31]
 [ 5 91]]"
0.895,0.8548387096774194,0.9724770642201835,0.9098712446351931,"[[ 73  18]
 [  3 106]]"
0.88,0.84375,0.9642857142857143,0.9,"[[ 68  20]
 [  4 108]]"
0.855,0.8125,0.9191919191919192,0.8625592417061612,"[[80 21]
 [ 8 91]]"
0.905,0.875,0.963302752293578,0.9170305676855895,"[[ 76  15]
 [  4 105]]"
0.815,0.7803030303030303,0.9279279279279279,0.8477366255144033,"[[ 60  29]
 [  8 103]]"
0.87,0.8560606060606061,0.9416666666666667,0.8968253968253969,"[[ 61  19]
 [  7 113]]"
0.88,0.8181818181818182,0.9801980198019802,0.8918918918918919,"[[77 22]
 [ 2 99]]"
0.85,0.7868852459016393,0.96,0.8648648648648649,"[[74 26]
 [ 4 96]]"
0.855,0.808,0.9528301886792453,0.8744588744588745,"[[ 70  24]
 [  5 101]]"
0.88,0.84,0.963302752293578,0.8974358974358975,"[[ 71  20]
 [  4 105]]"
0.845,0.8188976377952756,0.9285714285714286,0.8702928870292888,"[[ 65  23]
 [  8 104]]"
0.81,0.7333333333333333,0.9801980198019802,0.8389830508474576,"[[63 36]
 [ 2 99]]"
0.88,0.84251968503937,0.963963963963964,0.8991596638655462,"[[ 69  20]
 [  4 107]]"
0.875,0.8467153284671532,0.9666666666666667,0.9027237354085603,"[[ 59  21]
 [  4 116]]"
0.86,0.8067226890756303,0.9504950495049505,0.8727272727272727,"[[76 23]
 [ 5 96]]"
0.915,0.8677685950413223,0.9905660377358491,0.9251101321585903,"[[ 78  16]
 [  1 105]]"
0.825,0.8015873015873016,0.9099099099099099,0.8523206751054853,"[[ 64  25]
 [ 10 101]]"
0.855,0.796875,0.9714285714285714,0.8755364806866953,"[[ 69  26]
 [  3 102]]"
0.865,0.808,0.9711538461538461,0.8820960698689956,"[[ 72  24]
 [  3 101]]"
0.87,0.8230088495575221,0.9393939393939394,0.8773584905660378,"[[81 20]
 [ 6 93]]"
0.89,0.8740740740740741,0.959349593495935,0.9147286821705426,"[[ 60  17]
 [  5 118]]"
0.865,0.8347107438016529,0.9351851851851852,0.8820960698689956,"[[ 72  20]
 [  7 101]]"
0.88,0.8306451612903226,0.9716981132075472,0.8956521739130435,"[[ 73  21]
 [  3 103]]"
0.845,0.8333333333333334,0.9009009009009009,0.8658008658008658,"[[ 69  20]
 [ 11 100]]"
0.845,0.796875,0.9532710280373832,0.8680851063829788,"[[ 67  26]
 [  5 102]]"
0.845,0.7642276422764228,0.9791666666666666,0.8584474885844748,"[[75 29]
 [ 2 94]]"
0.84,0.819672131147541,0.9090909090909091,0.8620689655172413,"[[ 68  22]
 [ 10 100]]"
0.915,0.8888888888888888,0.9629629629629629,0.9244444444444444,"[[ 79  13]
 [  4 104]]"
0.9,0.875,0.9423076923076923,0.9074074074074074,"[[82 14]
 [ 6 98]]"
0.845,0.7916666666666666,0.9405940594059405,0.8597285067873304,"[[74 25]
 [ 6 95]]"
0.89,0.84,0.9813084112149533,0.9051724137931034,"[[ 73  20]
 [  2 105]]"
0.865,0.8461538461538461,0.9166666666666666,0.88,"[[74 18]
 [ 9 99]]"
0.855,0.8195488721804511,0.956140350877193,0.8825910931174089,"[[ 62  24]
 [  5 109]]"
0.88,0.8195488721804511,1.0,0.9008264462809917,"[[ 67  24]
 [  0 109]]"
0.85,0.7894736842105263,0.9813084112149533,0.875,"[[ 65  28]
 [  2 105]]"
0.84,0.7983193277310925,0.9223300970873787,0.8558558558558559,"[[73 24]
 [ 8 95]]"
0.88,0.8225806451612904,0.9807692307692307,0.8947368421052632,"[[ 74  22]
 [  2 102]]"
0.895,0.8705035971223022,0.9758064516129032,0.9201520912547528,"[[ 58  18]
 [  3 121]]"
0.89,0.859504132231405,0.9541284403669725,0.9043478260869565,"[[ 74  17]
 [  5 104]]"
0.87,0.808,0.9805825242718447,0.8859649122807017,"[[ 73  24]
 [  2 101]]"
0.87,0.816,0.9714285714285714,0.8869565217391304,"[[ 72  23]
 [  3 102]]"
0.885,0.8467741935483871,0.963302752293578,0.9012875536480687,"[[ 72  19]
 [  4 105]]"
0.87,0.8034188034188035,0.9690721649484536,0.8785046728971962,"[[80 23]
 [ 3 94]]"
0.85,0.7886178861788617,0.9603960396039604,0.8660714285714286,"[[73 26]
 [ 4 97]]"
0.855,0.8203125,0.9459459459459459,0.8786610878661087,"[[ 66  23]
 [  6 105]]"
0.88,0.8473282442748091,0.9652173913043478,0.9024390243902439,"[[ 65  20]
 [  4 111]]"
0.905,0.8857142857142857,0.93,0.9073170731707317,"[[88 12]
 [ 7 93]]"
0.82,0.75,0.9375,0.8333333333333334,"[[74 30]
 [ 6 90]]"
0.88,0.8524590163934426,0.9454545454545454,0.896551724137931,"[[ 72  18]
 [  6 104]]"
0.87,0.8292682926829268,0.9532710280373832,0.8869565217391304,"[[ 72  21]
 [  5 102]]"
0.89,0.8359375,0.9907407407407407,0.9067796610169492,"[[ 71  21]
 [  1 107]]"
0.845,0.7787610619469026,0.9361702127659575,0.8502415458937198,"[[81 25]
 [ 6 88]]"
0.885,0.8403361344537815,0.9615384615384616,0.8968609865470852,"[[ 77  19]
 [  4 100]]"
0.86,0.8153846153846154,0.9636363636363636,0.8833333333333333,"[[ 66  24]
 [  4 106]]"
0.88,0.8376068376068376,0.9514563106796117,0.8909090909090909,"[[78 19]
 [ 5 98]]"
0.9,0.8760330578512396,0.954954954954955,0.9137931034482759,"[[ 74  15]
 [  5 106]]"
0.88,0.8515625,0.956140350877193,0.9008264462809917,"[[ 67  19]
 [  5 109]]"
0.915,0.8914728682170543,0.9745762711864406,0.9311740890688259,"[[ 68  14]
 [  3 115]]"
0.89,0.8629032258064516,0.9553571428571429,0.9067796610169492,"[[ 71  17]
 [  5 107]]"
0.88,0.8292682926829268,0.9714285714285714,0.8947368421052632,"[[ 74  21]
 [  3 102]]"
0.865,0.8125,0.9719626168224299,0.8851063829787233,"[[ 69  24]
 [  3 104]]"
0.89,0.8596491228070176,0.9423076923076923,0.8990825688073395,"[[80 16]
 [ 6 98]]"
0.895,0.8793103448275862,0.9357798165137615,0.9066666666666666,"[[ 77  14]
 [  7 102]]"
0.86,0.7983870967741935,0.9705882352941176,0.8761061946902655,"[[73 25]
 [ 3 99]]"
0.89,0.8264462809917356,0.9900990099009901,0.9009009009009009,"[[ 78  21]
 [  1 100]]"
0.87,0.816,0.9714285714285714,0.8869565217391304,"[[ 72  23]
 [  3 102]]"
0.845,0.8181818181818182,0.9166666666666666,0.8646288209606987,"[[70 22]
 [ 9 99]]"
0.88,0.8538461538461538,0.9568965517241379,0.9024390243902439,"[[ 65  19]
 [  5 111]]"
0.875,0.8,0.967032967032967,0.8756218905472637,"[[87 22]
 [ 3 88]]"
0.865,0.8359375,0.9469026548672567,0.8879668049792531,"[[ 66  21]
 [  6 107]]"
0.925,0.9015151515151515,0.9834710743801653,0.9407114624505929,"[[ 66  13]
 [  2 119]]"
0.835,0.7867647058823529,0.963963963963964,0.8663967611336032,"[[ 60  29]
 [  4 107]]"
0.86,0.8018018018018018,0.9368421052631579,0.8640776699029126,"[[83 22]
 [ 6 89]]"
0.855,0.8181818181818182,0.9339622641509434,0.8722466960352423,"[[72 22]
 [ 7 99]]"
0.87,0.8333333333333334,0.9545454545454546,0.8898305084745762,"[[ 69  21]
 [  5 105]]"
0.86,0.8203125,0.9545454545454546,0.8823529411764706,"[[ 67  23]
 [  5 105]]"
0.86,0.7982456140350878,0.9479166666666666,0.8666666666666667,"[[81 23]
 [ 5 91]]"
0.87,0.823076923076923,0.9727272727272728,0.8916666666666667,"[[ 67  23]
 [  3 107]]"
0.895,0.8712121212121212,0.9663865546218487,0.9163346613545816,"[[ 64  17]
 [  4 115]]"
0.885,0.8220338983050848,0.9797979797979798,0.8940092165898618,"[[80 21]
 [ 2 97]]"
0.9,0.8547008547008547,0.970873786407767,0.9090909090909091,"[[ 80  17]
 [  3 100]]"
0.865,0.8211382113821138,0.9528301886792453,0.8820960698689956,"[[ 72  22]
 [  5 101]]"
0.88,0.8333333333333334,0.9722222222222222,0.8974358974358975,"[[ 71  21]
 [  3 105]]"
0.86,0.7931034482758621,0.9583333333333334,0.8679245283018868,"[[80 24]
 [ 4 92]]"
0.865,0.8225806451612904,0.9532710280373832,0.8831168831168831,"[[ 71  22]
 [  5 102]]"
0.875,0.8345323741007195,0.9830508474576272,0.9027237354085603,"[[ 59  23]
 [  2 116]]"
0.84,0.8029197080291971,0.9565217391304348,0.873015873015873,"[[ 58  27]
 [  5 110]]"
0.88,0.8449612403100775,0.9646017699115044,0.9008264462809917,"[[ 67  20]
 [  4 109]]"
0.885,0.837037037037037,0.9912280701754386,0.9076305220883534,"[[ 64  22]
 [  1 113]]"
0.88,0.8360655737704918,0.9622641509433962,0.8947368421052632,"[[ 74  20]
 [  4 102]]"
0.88,0.8264462809917356,0.970873786407767,0.8928571428571429,"[[ 76  21]
 [  3 100]]"
0.87,0.8347107438016529,0.9439252336448598,0.8859649122807017,"[[ 73  20]
 [  6 101]]"
0.89,0.8421052631578947,0.96,0.897196261682243,"[[82 18]
 [ 4 96]]"
0.9,0.8617886178861789,0.9724770642201835,0.9137931034482759,"[[ 74  17]
 [  3 106]]"
0.925,0.8761061946902655,0.99,0.9295774647887324,"[[86 14]
 [ 1 99]]"
0.89,0.8333333333333334,0.9693877551020408,0.8962264150943396,"[[83 19]
 [ 3 95]]"
0.9,0.8503937007874016,0.9908256880733946,0.9152542372881356,"[[ 72  19]
 [  1 108]]"
0.9,0.8706896551724138,0.9528301886792453,0.9099099099099099,"[[ 79  15]
 [  5 101]]"
0.895,0.8363636363636363,0.968421052631579,0.8975609756097561,"[[87 18]
 [ 3 92]]"
0.82,0.7631578947368421,0.90625,0.8285714285714286,"[[77 27]
 [ 9 87]]"
0.895,0.8951612903225806,0.9327731092436975,0.9135802469135802,"[[ 68  13]
 [  8 111]]"
0.86,0.825,0.9339622641509434,0.8761061946902655,"[[73 21]
 [ 7 99]]"
0.865,0.816,0.9622641509433962,0.8831168831168831,"[[ 71  23]
 [  4 102]]"
0.91,0.9153846153846154,0.9444444444444444,0.9296875,"[[ 63  11]
 [  7 119]]"
0.875,0.8165137614678899,0.9468085106382979,0.8768472906403941,"[[86 20]
 [ 5 89]]"
0.865,0.8524590163934426,0.9203539823008849,0.8851063829787233,"[[ 69  18]
 [  9 104]]"
0.87,0.8115942028985508,1.0,0.896,"[[ 62  26]
 [  0 112]]"
0.87,0.816,0.9714285714285714,0.8869565217391304,"[[ 72  23]
 [  3 102]]"
0.905,0.8809523809523809,0.9652173913043478,0.921161825726141,"[[ 70  15]
 [  4 111]]"
0.885,0.8487394957983193,0.9528301886792453,0.8977777777777778,"[[ 76  18]
 [  5 101]]"
0.88,0.8203125,0.9905660377358491,0.8974358974358975,"[[ 71  23]
 [  1 105]]"
0.9,0.8661417322834646,0.9734513274336283,0.9166666666666666,"[[ 70  17]
 [  3 110]]"
0.86,0.8211382113821138,0.9439252336448598,0.8782608695652174,"[[ 71  22]
 [  6 101]]"
0.895,0.8538461538461538,0.9823008849557522,0.9135802469135802,"[[ 68  19]
 [  2 111]]"
0.88,0.8306451612903226,0.9716981132075472,0.8956521739130435,"[[ 73  21]
 [  3 103]]"
0.865,0.7964601769911505,0.9574468085106383,0.8695652173913043,"[[83 23]
 [ 4 90]]"
0.88,0.848,0.954954954954955,0.8983050847457628,"[[ 70  19]
 [  5 106]]"
0.885,0.8442622950819673,0.9626168224299065,0.8995633187772926,"[[ 74  19]
 [  4 103]]"
0.865,0.8217054263565892,0.9636363636363636,0.8870292887029289,"[[ 67  23]
 [  4 106]]"
0.86,0.7950819672131147,0.97,0.8738738738738738,"[[75 25]
 [ 3 97]]"
0.88,0.823076923076923,0.9907407407407407,0.8991596638655462,"[[ 69  23]
 [  1 107]]"
0.83,0.7709923664122137,0.9619047619047619,0.8559322033898306,"[[ 65  30]
 [  4 101]]"
0.86,0.7923076923076923,0.9903846153846154,0.8803418803418803,"[[ 69  27]
 [  1 103]]"
0.88,0.8345864661654135,0.9823008849557522,0.9024390243902439,"[[ 65  22]
 [  2 111]]"
0.87,0.816793893129771,0.981651376146789,0.8916666666666667,"[[ 67  24]
 [  2 107]]"
0.865,0.8294573643410853,0.9553571428571429,0.8879668049792531,"[[ 66  22]
 [  5 107]]"
0.855,0.8031496062992126,0.9622641509433962,0.8755364806866953,"[[ 69  25]
 [  4 102]]"
0.88,0.835820895522388,0.9824561403508771,0.9032258064516129,"[[ 64  22]
 [  2 112]]"
0.885,0.847457627118644,0.9523809523809523,0.8968609865470852,"[[ 77  18]
 [  5 100]]"
0.855,0.8145161290322581,0.9439252336448598,0.8744588744588745,"[[ 70  23]
 [  6 101]]"
0.88,0.832,0.9719626168224299,0.896551724137931,"[[ 72  21]
 [  3 104]]"
0.87,0.7833333333333333,1.0,0.8785046728971962,"[[80 26]
 [ 0 94]]"
0.865,0.7777777777777778,0.9891304347826086,0.8708133971291866,"[[82 26]
 [ 1 91]]"
0.885,0.8278688524590164,0.9805825242718447,0.8977777777777778,"[[ 76  21]
 [  2 101]]"
0.85,0.8076923076923077,0.9545454545454546,0.875,"[[ 65  25]
 [  5 105]]"
0.9,0.8333333333333334,0.9895833333333334,0.9047619047619048,"[[85 19]
 [ 1 95]]"
0.9,0.8604651162790697,0.9823008849557522,0.9173553719008265,"[[ 69  18]
 [  2 111]]"
0.92,0.8636363636363636,0.9895833333333334,0.9223300970873787,"[[89 15]
 [ 1 95]]"
0.85,0.7938931297709924,0.9719626168224299,0.8739495798319328,"[[ 66  27]
 [  3 104]]"
0.86,0.8244274809160306,0.9557522123893806,0.8852459016393442,"[[ 64  23]
 [  5 108]]"
0.875,0.8307692307692308,0.972972972972973,0.8962655601659751,"[[ 67  22]
 [  3 108]]"
0.86,0.7851239669421488,0.979381443298969,0.8715596330275229,"[[77 26]
 [ 2 95]]"
0.89,0.8394160583941606,1.0,0.9126984126984127,"[[ 63  22]
 [  0 115]]"
0.89,0.8507462686567164,0.9827586206896551,0.912,"[[ 64  20]
 [  2 114]]"
0.875,0.8292682926829268,0.9622641509433962,0.8908296943231441,"[[ 73  21]
 [  4 102]]"
0.885,0.8396946564885496,0.9821428571428571,0.9053497942386831,"[[ 67  21]
 [  2 110]]"
0.86,0.8110236220472441,0.9626168224299065,0.8803418803418803,"[[ 69  24]
 [  4 103]]"
0.905,0.8709677419354839,0.972972972972973,0.9191489361702128,"[[ 73  16]
 [  3 108]]"
0.855,0.7874015748031497,0.9803921568627451,0.8733624454148472,"[[ 71  27]
 [  2 100]]"
0.88,0.8294573643410853,0.981651376146789,0.8991596638655462,"[[ 69  22]
 [  2 107]]"
0.87,0.8373983739837398,0.944954128440367,0.8879310344827587,"[[ 71  20]
 [  6 103]]"
0.895,0.8306451612903226,1.0,0.9074889867841409,"[[ 76  21]
 [  0 103]]"
0.86,0.8016528925619835,0.9603960396039604,0.8738738738738738,"[[75 24]
 [ 4 97]]"
0.88,0.841726618705036,0.9831932773109243,0.9069767441860465,"[[ 59  22]
 [  2 117]]"
0.885,0.8214285714285714,0.968421052631579,0.8888888888888888,"[[85 20]
 [ 3 92]]"
0.91,0.8688524590163934,0.9814814814814815,0.9217391304347826,"[[ 76  16]
 [  2 106]]"
0.855,0.7903225806451613,0.9702970297029703,0.8711111111111111,"[[73 26]
 [ 3 98]]"
0.89,0.859375,0.9649122807017544,0.9090909090909091,"[[ 68  18]
 [  4 110]]"
0.91,0.8677685950413223,0.9813084112149533,0.9210526315789473,"[[ 77  16]
 [  2 105]]"
0.875,0.8108108108108109,0.9574468085106383,0.8780487804878049,"[[85 21]
 [ 4 90]]"
0.865,0.8225806451612904,0.9532710280373832,0.8831168831168831,"[[ 71  22]
 [  5 102]]"
0.895,0.8717948717948718,0.9444444444444444,0.9066666666666666,"[[ 77  15]
 [  6 102]]"
0.86,0.8308823529411765,0.9576271186440678,0.889763779527559,"[[ 59  23]
 [  5 113]]"
0.865,0.7899159663865546,0.9791666666666666,0.8744186046511628,"[[79 25]
 [ 2 94]]"
0.905,0.864,0.9818181818181818,0.9191489361702128,"[[ 73  17]
 [  2 108]]"
0.87,0.8359375,0.9553571428571429,0.8916666666666667,"[[ 67  21]
 [  5 107]]"
0.89,0.832,0.9904761904761905,0.9043478260869565,"[[ 74  21]
 [  1 104]]"
0.81,0.7226890756302521,0.945054945054945,0.819047619047619,"[[76 33]
 [ 5 86]]"
0.9,0.8403361344537815,0.9900990099009901,0.9090909090909091,"[[ 80  19]
 [  1 100]]"
0.895,0.8347826086956521,0.9795918367346939,0.9014084507042254,"[[83 19]
 [ 2 96]]"
0.9,0.8881118881118881,0.9694656488549618,0.927007299270073,"[[ 53  16]
 [  4 127]]"
0.905,0.8833333333333333,0.954954954954955,0.9177489177489178,"[[ 75  14]
 [  5 106]]"
0.875,0.8461538461538461,0.9339622641509434,0.8878923766816144,"[[76 18]
 [ 7 99]]"
0.885,0.8531468531468531,0.9838709677419355,0.9138576779026217,"[[ 55  21]
 [  2 122]]"
0.845,0.8034188034188035,0.9215686274509803,0.8584474885844748,"[[75 23]
 [ 8 94]]"
0.89,0.8070175438596491,1.0,0.8932038834951457,"[[86 22]
 [ 0 92]]"
0.84,0.7435897435897436,0.9775280898876404,0.8446601941747572,"[[81 30]
 [ 2 87]]"
0.885,0.8303571428571429,0.9587628865979382,0.8899521531100478,"[[84 19]
 [ 4 93]]"
0.88,0.8507462686567164,0.9661016949152542,0.9047619047619048,"[[ 62  20]
 [  4 114]]"
0.88,0.8333333333333334,0.9722222222222222,0.8974358974358975,"[[ 71  21]
 [  3 105]]"
0.875,0.831858407079646,0.94,0.8826291079812206,"[[81 19]
 [ 6 94]]"
0.905,0.8809523809523809,0.9652173913043478,0.921161825726141,"[[ 70  15]
 [  4 111]]"
0.855,0.8083333333333333,0.941747572815534,0.8699551569506726,"[[74 23]
 [ 6 97]]"
0.885,0.8292682926829268,0.9807692307692307,0.8986784140969163,"[[ 75  21]
 [  2 102]]"
0.86,0.8032786885245902,0.9607843137254902,0.875,"[[74 24]
 [ 4 98]]"
0.895,0.8571428571428571,0.972972972972973,0.9113924050632911,"[[ 71  18]
 [  3 108]]"
0.865,0.8195488721804511,0.9732142857142857,0.889795918367347,"[[ 64  24]
 [  3 109]]"
0.835,0.765625,0.9702970297029703,0.8558951965065502,"[[69 30]
 [ 3 98]]"
0.875,0.8359375,0.963963963963964,0.895397489539749,"[[ 68  21]
 [  4 107]]"
0.82,0.7727272727272727,0.9444444444444444,0.85,"[[ 62  30]
 [  6 102]]"
0.88,0.8110236220472441,1.0,0.8956521739130435,"[[ 73  24]
 [  0 103]]"
0.88,0.8203125,0.9905660377358491,0.8974358974358975,"[[ 71  23]
 [  1 105]]"
0.885,0.816,1.0,0.8986784140969163,"[[ 75  23]
 [  0 102]]"
0.915,0.8672566371681416,0.98,0.92018779342723,"[[85 15]
 [ 2 98]]"
0.875,0.8347107438016529,0.9528301886792453,0.8898678414096917,"[[ 74  20]
 [  5 101]]"
0.89,0.8507462686567164,0.9827586206896551,0.912,"[[ 64  20]
 [  2 114]]"
0.795,0.7286821705426356,0.94,0.8209606986899564,"[[65 35]
 [ 6 94]]"
0.885,0.8507462686567164,0.9743589743589743,0.9083665338645418,"[[ 63  20]
 [  3 114]]"
0.885,0.8360655737704918,0.9714285714285714,0.8986784140969163,"[[ 75  20]
 [  3 102]]"
0.895,0.8596491228070176,0.9514563106796117,0.9032258064516129,"[[81 16]
 [ 5 98]]"
0.87,0.8174603174603174,0.9716981132075472,0.8879310344827587,"[[ 71  23]
 [  3 103]]"
0.825,0.7557251908396947,0.9705882352941176,0.8497854077253219,"[[66 32]
 [ 3 99]]"
0.91,0.889763779527559,0.9658119658119658,0.9262295081967213,"[[ 69  14]
 [  4 113]]"
0.855,0.8166666666666667,0.9333333333333333,0.8711111111111111,"[[73 22]
 [ 7 98]]"
0.85,0.8102189781021898,0.9652173913043478,0.8809523809523809,"[[ 59  26]
 [  4 111]]"
0.9,0.8376068376068376,0.98989898989899,0.9074074074074074,"[[82 19]
 [ 1 98]]"
0.905,0.8389830508474576,1.0,0.9124423963133641,"[[82 19]
 [ 0 99]]"
0.9,0.8407079646017699,0.979381443298969,0.9047619047619048,"[[85 18]
 [ 2 95]]"
0.885,0.8529411764705882,0.9747899159663865,0.9098039215686274,"[[ 61  20]
 [  3 116]]"
0.87,0.808,0.9805825242718447,0.8859649122807017,"[[ 73  24]
 [  2 101]]"
0.885,0.84251968503937,0.9727272727272728,0.9029535864978903,"[[ 70  20]
 [  3 107]]"
0.89,0.8699186991869918,0.9469026548672567,0.9067796610169492,"[[ 71  16]
 [  6 107]]"
0.89,0.8487394957983193,0.9619047619047619,0.9017857142857143,"[[ 77  18]
 [  4 101]]"
0.865,0.8083333333333333,0.9603960396039604,0.8778280542986425,"[[76 23]
 [ 4 97]]"
0.88,0.8533333333333334,0.9846153846153847,0.9142857142857143,"[[ 48  22]
 [  2 128]]"
0.89,0.8359375,0.9907407407407407,0.9067796610169492,"[[ 71  21]
 [  1 107]]"
0.865,0.808,0.9711538461538461,0.8820960698689956,"[[ 72  24]
 [  3 101]]"
0.84,0.7874015748031497,0.9523809523809523,0.8620689655172413,"[[ 68  27]
 [  5 100]]"
0.855,0.8095238095238095,0.9532710280373832,0.8755364806866953,"[[ 69  24]
 [  5 102]]"
0.885,0.856,0.9553571428571429,0.9029535864978903,"[[ 70  18]
 [  5 107]]"
0.88,0.8292682926829268,0.9714285714285714,0.8947368421052632,"[[ 74  21]
 [  3 102]]"
0.89,0.8421052631578947,0.96,0.897196261682243,"[[82 18]
 [ 4 96]]"
0.86,0.8074074074074075,0.9819819819819819,0.8861788617886179,"[[ 63  26]
 [  2 109]]"
0.855,0.8360655737704918,0.918918918918919,0.8755364806866953,"[[ 69  20]
 [  9 102]]"
0.86,0.8032786885245902,0.9607843137254902,0.875,"[[74 24]
 [ 4 98]]"
0.855,0.7796610169491526,0.968421052631579,0.863849765258216,"[[79 26]
 [ 3 92]]"
0.885,0.8360655737704918,0.9714285714285714,0.8986784140969163,"[[ 75  20]
 [  3 102]]"
0.895,0.8461538461538461,0.9705882352941176,0.9041095890410958,"[[80 18]
 [ 3 99]]"
0.86,0.7889908256880734,0.945054945054945,0.86,"[[86 23]
 [ 5 86]]"
0.885,0.8442622950819673,0.9626168224299065,0.8995633187772926,"[[ 74  19]
 [  4 103]]"
0.89,0.8373983739837398,0.9809523809523809,0.9035087719298246,"[[ 75  20]
 [  2 103]]"
0.9,0.8524590163934426,0.9811320754716981,0.9122807017543859,"[[ 76  18]
 [  2 104]]"
0.875,0.8267716535433071,0.9722222222222222,0.8936170212765957,"[[ 70  22]
 [  3 105]]"
0.83,0.7461538461538462,0.9897959183673469,0.8508771929824561,"[[69 33]
 [ 1 97]]"
0.895,0.8677685950413223,0.9545454545454546,0.9090909090909091,"[[ 74  16]
 [  5 105]]"
0.875,0.8306451612903226,0.9626168224299065,0.8917748917748918,"[[ 72  21]
 [  4 103]]"
0.905,0.8571428571428571,0.9908256880733946,0.9191489361702128,"[[ 73  18]
 [  1 108]]"
0.875,0.8389830508474576,0.9428571428571428,0.8878923766816144,"[[76 19]
 [ 6 99]]"
0.88,0.8467741935483871,0.9545454545454546,0.8974358974358975,"[[ 71  19]
 [  5 105]]"
0.865,0.808,0.9711538461538461,0.8820960698689956,"[[ 72  24]
 [  3 101]]"
0.91,0.8620689655172413,0.9803921568627451,0.9174311926605505,"[[ 82  16]
 [  2 100]]"
0.89,0.8571428571428571,0.9411764705882353,0.897196261682243,"[[82 16]
 [ 6 96]]"
0.885,0.828125,0.9906542056074766,0.902127659574468,"[[ 71  22]
 [  1 106]]"
0.855,0.7904761904761904,0.9222222222222223,0.8512820512820513,"[[88 22]
 [ 7 83]]"
0.915,0.888,0.9736842105263158,0.9288702928870293,"[[ 72  14]
 [  3 111]]"
0.9,0.8692307692307693,0.9741379310344828,0.9186991869918699,"[[ 67  17]
 [  3 113]]"
